order_id,customer_id,order_date,status,total_amount,order_date_format_note,total_amount_original
O00001,C0361,2025-01-14,Pending,7196000.0,forced_mdy,7196000.0
O00002,C0159,2025-08-31,Cancelled,11318000.0,iso,11318000.0
O00003,C0031,2025-05-21,Cancelled,24718000.0,forced_dmy,24718000.0
O00004,C0078,2026-01-20,Pending,9836000.0,iso,9836000.0
O00005,C0307,2026-03-31,Completed,28020000.0,iso,28020000.0
O00006,C0163,2025-10-02,Cancelled,19864000.0,ambiguous_assumed_dmy,19864000.0
O00007,C0385,2025-01-25,Completed,6346000.0,forced_dmy,6346000.0
O00008,C0106,2026-07-07,Processing,18836000.0,ambiguous_assumed_dmy,18836000.0
O00009,C0369,2025-08-16,Cancelled,12330000.0,forced_mdy,12330000.0
O00010,C0094,2026-03-29,Pending,16377000.0,iso,16377000.0
O00011,C0036,2025-07-17,Processing,12952000.0,iso,12952000.0
O00012,C0047,2025-06-27,Processing,8666000.0,iso,8666000.0
O00013,C0041,2026-03-13,Cancelled,38385000.0,forced_dmy,38385000.0
O00014,C0370,2025-07-22,Cancelled,34949000.0,iso,34949000.0
O00015,C0156,2025-10-20,Cancelled,15632000.0,forced_mdy,23448000.0
O00016,C0140,2026-05-08,Completed,4509000.0,ambiguous_assumed_dmy,4509000.0
O00017,C0086,2026-04-28,Cancelled,8180000.0,forced_mdy,8180000.0
O00018,C0390,2025-06-09,Pending,30965000.0,ambiguous_assumed_dmy,30965000.0
O00019,C0438,2025-03-27,Processing,8895000.0,forced_mdy,8895000.0
O00020,C0090,2025-09-21,Cancelled,20213000.0,forced_dmy,20213000.0
O00021,C0146,2026-01-20,Cancelled,21902000.0,iso,21902000.0
O00022,C0070,2026-04-26,Processing,25114000.0,iso,25114000.0
O00023,C0007,2026-05-28,Completed,16181000.0,forced_dmy,16181000.0
O00024,C0474,2026-03-02,Completed,2945000.0,ambiguous_assumed_dmy,2945000.0
O00025,C0158,2026-08-26,Cancelled,44915000.0,iso,44915000.0
O00026,C0198,2026-08-03,Processing,5590000.0,ambiguous_assumed_dmy,5590000.0
O00027,C0395,2025-12-23,Cancelled,3014000.0,forced_mdy,3014000.0
O00028,C0357,2025-03-01,Cancelled,16319000.0,ambiguous_assumed_dmy,16319000.0
O00029,C0125,2026-05-05,Completed,9187000.0,ambiguous_assumed_dmy,9187000.0
O00030,C0358,2025-01-06,Cancelled,29128000.0,ambiguous_assumed_dmy,29128000.0
O00031,C0131,2025-09-11,Processing,14199000.0,iso,14199000.0
O00032,C0395,2025-04-05,Cancelled,22871000.0,ambiguous_assumed_dmy,22871000.0
O00033,C0266,2025-07-13,Processing,12255000.0,forced_dmy,12255000.0
O00034,C0355,2025-06-11,Cancelled,8277000.0,ambiguous_assumed_dmy,8277000.0
O00035,C0376,2026-02-26,Pending,12391000.0,iso,12391000.0
O00036,C0294,2025-12-19,Completed,2035000.0,forced_mdy,2035000.0
O00037,C0477,2026-02-12,Completed,48092000.0,iso,48092000.0
O00038,C0418,2026-05-19,Pending,7576000.0,iso,7576000.0
O00039,C0214,2026-06-22,Completed,6639000.0,forced_mdy,9958500.0
O00040,C0088,2025-06-30,Processing,31190000.0,forced_mdy,31190000.0
O00041,C0102,2026-05-14,Pending,31667000.0,forced_dmy,31667000.0
O00042,C0417,2025-08-06,Processing,5280000.0,iso,5280000.0
O00043,C0094,2025-07-16,Cancelled,13734000.0,forced_dmy,13734000.0
O00044,C0445,2025-06-20,Completed,17095000.0,iso,17095000.0
O00045,C0064,2025-10-11,Completed,25225000.0,iso,25225000.0
O00046,C0245,2026-05-12,Pending,22569000.0,iso,22569000.0
O00047,C0137,2025-01-08,Pending,16495000.0,iso,23855000.0
O00048,C0268,2025-01-08,Completed,15969000.0,ambiguous_assumed_dmy,15969000.0
O00049,C0388,2025-12-12,Cancelled,9842000.0,ambiguous_assumed_dmy,9842000.0
O00050,C0350,2025-12-18,Processing,20521000.0,forced_dmy,20521000.0
O00051,C0205,2026-01-23,Pending,22436000.0,forced_dmy,22436000.0
O00052,C0413,2025-04-13,Cancelled,16869000.0,forced_mdy,16869000.0
O00053,C0372,2025-05-23,Pending,29743000.0,forced_mdy,29743000.0
O00054,C0487,2025-12-09,Cancelled,48338000.0,ambiguous_assumed_dmy,48338000.0
O00055,C0264,2026-02-28,Processing,1736000.0,iso,1736000.0
O00056,C0491,2025-11-26,Completed,17077000.0,iso,17077000.0
O00057,C0348,2026-03-31,Cancelled,18081000.0,forced_dmy,18081000.0
O00058,C0179,2026-03-15,Pending,676000.0,forced_mdy,676000.0
O00059,C0151,2025-07-19,Processing,30709000.0,forced_mdy,30709000.0
O00060,C0402,2026-06-01,Processing,6129000.0,ambiguous_assumed_dmy,6129000.0
O00061,C0155,2026-07-16,Processing,5672000.0,forced_dmy,5672000.0
O00062,C0247,2026-07-08,Processing,2055000.0,iso,2055000.0
O00063,C0386,2025-02-04,Cancelled,10931000.0,ambiguous_assumed_dmy,10931000.0
O00064,C0083,2025-12-01,Completed,8348000.0,iso,8348000.0
O00065,C0341,2026-03-05,Completed,12787000.0,ambiguous_assumed_dmy,0.0
O00066,C0473,2026-07-02,Cancelled,14256000.0,iso,14256000.0
O00067,C0447,2025-08-18,Pending,10638000.0,forced_mdy,10638000.0
O00068,C0194,2026-01-26,Cancelled,45075000.0,iso,45075000.0
O00069,C0133,2025-04-29,Pending,53930000.0,iso,53930000.0
O00070,C0175,2026-08-30,Pending,4275000.0,forced_mdy,4275000.0
O00071,C0066,2025-11-17,Pending,14521000.0,forced_dmy,14521000.0
O00072,C0303,2026-07-03,Cancelled,14292000.0,ambiguous_assumed_dmy,14292000.0
O00073,C0395,2026-09-01,Processing,29326000.0,ambiguous_assumed_dmy,29326000.0
O00074,C0309,2026-08-28,Completed,10876000.0,forced_dmy,0.0
O00075,C0276,2026-04-17,Processing,31257000.0,forced_dmy,31257000.0
O00076,C0256,2026-04-12,Completed,21665000.0,iso,21665000.0
O00077,C0307,2025-11-24,Pending,5276000.0,forced_dmy,5276000.0
O00078,C0294,2026-05-05,Processing,21056000.0,ambiguous_assumed_dmy,21056000.0
O00079,C0361,2026-01-21,Completed,26627000.0,iso,26627000.0
O00081,C0373,2026-02-06,Processing,18210000.0,iso,18210000.0
O00082,C0201,2025-12-12,Cancelled,3906000.0,ambiguous_assumed_dmy,3906000.0
O00083,C0201,2025-03-15,Completed,38619000.0,forced_dmy,38619000.0
O00084,C0359,2026-07-16,Pending,20482000.0,iso,20482000.0
O00085,C0386,2026-08-18,Completed,8152000.0,forced_dmy,8152000.0
O00086,C0296,2025-05-21,Cancelled,20245000.0,forced_dmy,20245000.0
O00087,C0108,2025-12-08,Processing,19903000.0,ambiguous_assumed_dmy,19903000.0
O00088,C0005,2026-06-01,Pending,7658000.0,ambiguous_assumed_dmy,7658000.0
O00089,C0193,2026-03-14,Processing,20316000.0,iso,20316000.0
O00090,C0183,2026-05-01,Pending,16484000.0,iso,16484000.0
O00091,C0333,2025-12-13,Cancelled,3980000.0,iso,3980000.0
O00092,C0126,2025-02-04,Processing,33842000.0,ambiguous_assumed_dmy,33842000.0
O00093,C0155,2026-03-09,Cancelled,4475000.0,ambiguous_assumed_dmy,4475000.0
O00094,C0399,2026-04-20,Cancelled,10012000.0,forced_dmy,10012000.0
O00095,C0189,2025-01-12,Pending,27230000.0,iso,27230000.0
O00096,C0251,2026-06-06,Pending,8380000.0,ambiguous_assumed_dmy,8380000.0
O00097,C0294,2026-07-05,Pending,30515000.0,ambiguous_assumed_dmy,30515000.0
O00098,C0197,2026-05-11,Cancelled,18850000.0,ambiguous_assumed_dmy,18850000.0
O00099,C0051,2025-11-30,Processing,30700000.0,forced_dmy,30700000.0
O00100,C0011,2026-02-08,Cancelled,8912000.0,iso,8912000.0
O00101,C0386,2025-08-01,Pending,11366000.0,iso,11366000.0
O00102,C0356,2025-07-04,Cancelled,47744000.0,ambiguous_assumed_dmy,47744000.0
O00103,C0021,2025-12-05,Processing,18355000.0,ambiguous_assumed_dmy,18355000.0
O00104,C0045,2026-07-30,Pending,19336000.0,iso,19336000.0
O00105,C0260,2025-11-02,Processing,3129000.0,ambiguous_assumed_dmy,1564500.0
O00107,C0338,2026-01-07,Processing,10271000.0,ambiguous_assumed_dmy,10271000.0
O00108,C0356,2025-11-17,Completed,6842000.0,forced_mdy,6842000.0
O00109,C0353,2025-04-12,Pending,19935000.0,iso,19935000.0
O00110,C0097,2025-05-26,Processing,11139000.0,iso,11139000.0
O00111,C0283,2025-08-10,Completed,9834000.0,ambiguous_assumed_dmy,9834000.0
O00112,C0374,2026-03-09,Completed,18256000.0,ambiguous_assumed_dmy,18256000.0
O00113,C0333,2025-06-17,Cancelled,1437000.0,iso,1437000.0
O00114,C0347,2026-12-03,Processing,27549000.0,ambiguous_assumed_dmy,27549000.0
O00115,C0037,2025-03-10,Processing,14684000.0,ambiguous_assumed_dmy,14684000.0
O00116,C0289,2026-06-08,Processing,16728000.0,ambiguous_assumed_dmy,16728000.0
O00117,C0162,2026-03-21,Pending,11174000.0,forced_mdy,11174000.0
O00118,C0040,2025-04-10,Pending,33194000.0,ambiguous_assumed_dmy,33194000.0
O00119,C0209,2025-03-09,Pending,19170000.0,ambiguous_assumed_dmy,19170000.0
O00120,C0399,2025-10-07,Processing,14436000.0,ambiguous_assumed_dmy,14436000.0
O00121,C0051,2026-01-22,Cancelled,18847000.0,iso,18847000.0
O00122,C0090,2026-06-24,Completed,8120000.0,forced_mdy,8120000.0
O00123,C0049,2026-06-26,Completed,15027000.0,forced_mdy,15027000.0
O00124,C0312,2025-04-12,Processing,11889000.0,ambiguous_assumed_dmy,11889000.0
O00125,C0093,2025-12-20,Cancelled,3659000.0,forced_dmy,3659000.0
O00126,C0133,2025-10-01,Processing,12928000.0,ambiguous_assumed_dmy,12928000.0
O00127,C0074,2026-01-23,Completed,23889000.0,iso,23889000.0
O00128,C0363,2025-09-13,Cancelled,12988000.0,forced_mdy,12988000.0
O00129,C0094,2026-03-26,Cancelled,6572000.0,forced_mdy,6572000.0
O00130,C0142,2026-03-15,Processing,35404000.0,forced_dmy,35404000.0
O00131,C0440,2025-03-31,Cancelled,20668000.0,forced_dmy,20668000.0
O00132,C0325,2025-03-23,Processing,2800000.0,iso,2800000.0
O00133,C0295,2025-02-28,Completed,3251000.0,forced_mdy,3251000.0
O00134,C0414,2025-01-11,Processing,17755000.0,ambiguous_assumed_dmy,17755000.0
O00135,C0264,2026-06-30,Pending,3866000.0,forced_dmy,3866000.0
O00136,C0316,2025-07-14,Pending,13133000.0,forced_mdy,13133000.0
O00137,C0360,2026-07-02,Completed,11718000.0,iso,11718000.0
O00138,C0311,2026-04-05,Processing,24648000.0,iso,24648000.0
O00139,C0188,2025-05-17,Completed,4576000.0,iso,4576000.0
O00140,C0254,2026-01-24,Completed,16292000.0,iso,16292000.0
O00141,C0468,2025-09-13,Pending,53215000.0,forced_dmy,53215000.0
O00142,C0248,2025-10-28,Processing,3344000.0,iso,3344000.0
O00143,C0324,2026-08-06,Processing,67775000.0,ambiguous_assumed_dmy,67775000.0
O00144,C0264,2025-02-06,Cancelled,14174000.0,iso,14174000.0
O00145,C0004,2026-04-17,Completed,4574000.0,forced_dmy,4574000.0
O00146,C0003,2025-12-25,Processing,29139000.0,forced_dmy,29139000.0
O00147,C0005,2025-04-14,Cancelled,14833000.0,iso,14833000.0
O00148,C0271,2026-06-11,Cancelled,9216000.0,iso,9216000.0
O00149,C0004,2025-06-09,Completed,17835000.0,iso,17835000.0
O00150,C0203,2026-01-19,Completed,20911000.0,forced_dmy,20911000.0
O00151,C0275,2025-03-10,Cancelled,23228000.0,ambiguous_assumed_dmy,23228000.0
O00152,C0083,2025-05-24,Cancelled,12060000.0,iso,12060000.0
O00153,C0453,2025-07-23,Processing,7616000.0,forced_dmy,15232000.0
O00154,C0069,2026-02-09,Completed,29793000.0,iso,29793000.0
O00155,C0342,2025-07-23,Completed,4957000.0,iso,4957000.0
O00156,C0251,2026-07-18,Processing,20893000.0,forced_dmy,20893000.0
O00157,C0257,2026-02-03,Pending,2479000.0,iso,2479000.0
O00158,C0065,2025-09-06,Pending,23147000.0,ambiguous_assumed_dmy,23147000.0
O00159,C0027,2025-12-17,Pending,12296000.0,forced_dmy,14755200.0
O00160,C0149,2025-10-16,Pending,38383000.0,forced_dmy,38383000.0
O00161,C0317,2025-06-06,Processing,36298000.0,iso,36298000.0
O00162,C0393,2025-04-28,Processing,23880000.0,forced_mdy,23880000.0
O00163,C0102,2026-01-05,Pending,7316000.0,ambiguous_assumed_dmy,7316000.0
O00164,C0258,2025-07-05,Processing,22513000.0,iso,22513000.0
O00165,C0068,2026-02-15,Completed,20421000.0,iso,20421000.0
O00166,C0219,2025-01-19,Processing,11298000.0,iso,11298000.0
O00167,C0195,2026-02-22,Completed,5121000.0,forced_mdy,5121000.0
O00168,C0114,2025-12-11,Cancelled,6598000.0,iso,6598000.0
O00169,C0330,2025-02-22,Pending,25013000.0,forced_dmy,25013000.0
O00170,C0144,2025-12-26,Cancelled,4672000.0,iso,4672000.0
O00171,C0459,2025-02-18,Pending,18761000.0,iso,18761000.0
O00172,C0339,2025-11-26,Completed,14526000.0,forced_dmy,14526000.0
O00173,C0466,2025-04-14,Processing,25100000.0,forced_dmy,25100000.0
O00174,C0187,2025-12-09,Pending,22210000.0,iso,22210000.0
O00175,C0007,2026-07-20,Completed,21450000.0,forced_dmy,21450000.0
O00176,C0381,2026-08-27,Completed,14237000.0,iso,14237000.0
O00177,C0108,2026-08-22,Pending,15860000.0,iso,15860000.0
O00178,C0323,2026-09-09,Pending,20990000.0,ambiguous_assumed_dmy,20990000.0
O00179,C0419,2025-07-15,Cancelled,38837000.0,iso,38837000.0
O00180,C0483,2026-07-14,Completed,13095000.0,forced_dmy,13095000.0
O00181,C0390,2025-07-26,Processing,24053000.0,iso,24053000.0
O00182,C0099,2026-05-03,Completed,8223000.0,ambiguous_assumed_dmy,8223000.0
O00183,C0459,2026-01-10,Pending,7974000.0,ambiguous_assumed_dmy,7974000.0
O00184,C0248,2026-03-06,Pending,13162000.0,iso,13162000.0
O00185,C0141,2025-05-13,Pending,2441000.0,forced_mdy,2441000.0
O00186,C0407,2025-07-14,Cancelled,5128000.0,forced_dmy,5128000.0
O00187,C0085,2026-03-25,Cancelled,2850000.0,forced_mdy,2280000.0
O00188,C0206,2025-10-06,Processing,40082000.0,iso,40082000.0
O00189,C0293,2025-12-08,Pending,51106000.0,ambiguous_assumed_dmy,51106000.0
O00190,C0258,2026-06-22,Completed,23045000.0,iso,24157000.0
O00191,C0363,2025-10-02,Pending,9524000.0,iso,9524000.0
O00192,C0024,2026-07-01,Completed,3267000.0,iso,3267000.0
O00193,C0483,2025-10-12,Completed,23741000.0,iso,23741000.0
O00194,C0422,2025-08-04,Pending,10304000.0,iso,10304000.0
O00195,C0178,2026-09-12,Completed,6208000.0,iso,6208000.0
O00196,C0370,2025-05-17,Completed,6715000.0,forced_dmy,6715000.0
O00198,C0091,2025-09-20,Pending,10142000.0,forced_mdy,10142000.0
O00199,C0353,2026-01-27,Completed,6910000.0,forced_mdy,6910000.0
O00200,C0419,2026-03-29,Completed,6893000.0,forced_dmy,6893000.0
O00201,C0298,2026-02-09,Cancelled,35130000.0,iso,35130000.0
O00202,C0189,2025-06-01,Pending,3950000.0,ambiguous_assumed_dmy,3950000.0
O00203,C0236,2025-09-07,Processing,46993000.0,ambiguous_assumed_dmy,46993000.0
O00204,C0483,2025-07-04,Completed,25585000.0,iso,25585000.0
O00205,C0084,2025-07-01,Processing,29741000.0,iso,29741000.0
O00206,C0037,2026-03-13,Cancelled,8998000.0,forced_mdy,8998000.0
O00207,C0052,2026-06-24,Pending,30689000.0,forced_mdy,30689000.0
O00208,C0194,2026-01-29,Pending,29439000.0,iso,29439000.0
O00209,C0479,2025-02-14,Processing,21829000.0,iso,21829000.0
O00210,C0074,2026-09-07,Pending,22589000.0,iso,22589000.0
O00211,C0377,2025-12-13,Pending,14914000.0,iso,14914000.0
O00212,C0246,2026-07-31,Processing,29330000.0,forced_dmy,29330000.0
O00213,C0246,2025-08-06,Pending,43989000.0,ambiguous_assumed_dmy,43989000.0
O00214,C0137,2026-07-11,Pending,1072000.0,iso,1072000.0
O00215,C0279,2025-10-31,Cancelled,9652000.0,iso,9652000.0
O00216,C0468,2025-08-18,Processing,30909000.0,forced_dmy,30909000.0
O00217,C0076,2025-12-28,Completed,3887000.0,iso,3887000.0
O00218,C0352,2025-04-26,Processing,3239000.0,iso,3239000.0
O00219,C0053,2025-10-16,Pending,9472000.0,forced_mdy,9472000.0
O00220,C0061,2026-05-01,Pending,20275000.0,ambiguous_assumed_dmy,20275000.0
O00221,C0092,2026-03-15,Completed,20134000.0,forced_mdy,20134000.0
O00222,C0348,2026-12-03,Completed,13421000.0,ambiguous_assumed_dmy,13421000.0
O00223,C0179,2025-04-17,Cancelled,19994000.0,forced_mdy,19994000.0
O00224,C0478,2025-09-29,Pending,16430000.0,iso,16430000.0
O00225,C0399,2025-05-31,Processing,24240000.0,forced_dmy,24240000.0
O00226,C0370,2026-05-05,Pending,9556000.0,ambiguous_assumed_dmy,9556000.0
O00227,C0492,2025-10-13,Pending,28668000.0,forced_dmy,28668000.0
O00228,C0094,2026-01-30,Completed,4029000.0,forced_dmy,4029000.0
O00229,C0247,2026-02-28,Completed,22167000.0,iso,22167000.0
O00230,C0197,2026-05-03,Cancelled,10625000.0,ambiguous_assumed_dmy,10625000.0
O00231,C0273,2026-07-04,Cancelled,20499000.0,iso,20499000.0
O00232,C0270,2026-08-15,Processing,11287000.0,forced_mdy,11287000.0
O00233,C0121,2026-01-06,Processing,5058000.0,iso,5058000.0
O00234,C0286,2026-05-01,Pending,27313000.0,iso,27313000.0
O00235,C0185,2025-05-23,Cancelled,7316000.0,iso,7316000.0
O00236,C0125,2025-04-08,Pending,21262000.0,ambiguous_assumed_dmy,21262000.0
O00237,C0061,2025-05-27,Pending,41090000.0,forced_mdy,41090000.0
O00238,C0191,2025-02-25,Pending,6270000.0,forced_mdy,6270000.0
O00239,C0038,2026-05-04,Processing,31462000.0,iso,31462000.0
O00240,C0188,2025-05-25,Processing,4476000.0,iso,4476000.0
O00241,C0292,2026-03-03,Processing,4029000.0,ambiguous_assumed_dmy,4029000.0
O00242,C0072,2026-06-25,Completed,17396000.0,forced_dmy,17396000.0
O00243,C0370,2025-12-12,Pending,10543000.0,ambiguous_assumed_dmy,10543000.0
O00244,C0080,2025-03-03,Pending,12654000.0,ambiguous_assumed_dmy,12654000.0
O00245,C0258,2025-06-14,Cancelled,3602000.0,forced_dmy,3602000.0
O00246,C0284,2025-09-22,Completed,21767000.0,forced_mdy,21767000.0
O00247,C0217,2025-10-06,Pending,11681000.0,ambiguous_assumed_dmy,11681000.0
O00248,C0487,2025-05-09,Processing,14641000.0,ambiguous_assumed_dmy,14641000.0
O00249,C0029,2025-08-13,Processing,15804000.0,forced_mdy,15804000.0
O00250,C0310,2025-03-21,Cancelled,24527000.0,forced_dmy,24527000.0
O00251,C0335,2026-02-19,Processing,27344000.0,iso,27344000.0
O00252,C0332,2026-03-11,Completed,18295000.0,iso,18295000.0
O00253,C0040,2026-01-07,Completed,16312000.0,iso,16312000.0
O00254,C0145,2025-06-16,Pending,8740000.0,iso,8740000.0
O00255,C0306,2025-12-01,Processing,88000.0,ambiguous_assumed_dmy,88000.0
O00256,C0327,2025-02-03,Completed,42167000.0,iso,42167000.0
O00257,C0289,2026-05-11,Pending,2055000.0,ambiguous_assumed_dmy,2055000.0
O00258,C0484,2025-11-13,Completed,5991000.0,forced_dmy,5991000.0
O00259,C0257,2025-07-19,Cancelled,3419000.0,forced_mdy,3419000.0
O00260,C0499,2025-05-13,Pending,14776000.0,forced_dmy,14776000.0
O00261,C0460,2026-05-31,Processing,14071000.0,iso,14071000.0
O00262,C0408,2026-01-27,Pending,31770000.0,forced_dmy,31770000.0
O00263,C0078,2026-04-20,Pending,2028000.0,forced_mdy,2028000.0
O00264,C0453,2025-09-08,Processing,4169000.0,ambiguous_assumed_dmy,4169000.0
O00265,C0494,2026-05-29,Completed,3321000.0,forced_dmy,3321000.0
O00266,C0174,2025-10-25,Cancelled,28528000.0,iso,28528000.0
O00267,C0123,2025-08-02,Pending,7957000.0,iso,9382000.0
O00268,C0322,2026-05-25,Pending,26908000.0,iso,26908000.0
O00269,C0281,2025-03-31,Pending,2004000.0,forced_dmy,2004000.0
O00270,C0087,2025-10-30,Pending,17332000.0,forced_dmy,17332000.0
O00271,C0187,2025-12-28,Pending,3853000.0,iso,3853000.0
O00272,C0396,2026-04-17,Cancelled,23198000.0,forced_dmy,23198000.0
O00273,C0333,2025-05-24,Cancelled,12382000.0,iso,12382000.0
O00274,C0440,2025-10-21,Cancelled,5637000.0,forced_mdy,5637000.0
O00275,C0226,2026-01-11,Completed,38705000.0,ambiguous_assumed_dmy,38705000.0
O00276,C0350,2026-02-28,Cancelled,7729000.0,forced_dmy,7729000.0
O00277,C0318,2025-02-28,Processing,7090000.0,forced_mdy,7090000.0
O00278,C0005,2025-06-08,Completed,2180000.0,ambiguous_assumed_dmy,2180000.0
O00279,C0292,2026-02-13,Processing,8483000.0,forced_dmy,9522000.0
O00280,C0343,2025-04-06,Cancelled,2090000.0,ambiguous_assumed_dmy,2090000.0
O00281,C0056,2025-03-29,Pending,6958000.0,forced_dmy,6958000.0
O00282,C0103,2026-02-16,Pending,2654000.0,forced_dmy,2654000.0
O00283,C0310,2026-05-13,Cancelled,12804000.0,iso,12804000.0
O00284,C0233,2025-02-09,Processing,19209000.0,ambiguous_assumed_dmy,19209000.0
O00285,C0328,2025-07-08,Pending,28200000.0,ambiguous_assumed_dmy,28200000.0
O00286,C0032,2026-01-06,Cancelled,8805000.0,iso,8805000.0
O00287,C0109,2025-01-24,Cancelled,26920000.0,forced_dmy,32304000.0
O00288,C0326,2025-06-30,Processing,5403000.0,iso,4322400.0
O00289,C0208,2025-03-25,Cancelled,32233000.0,forced_dmy,32233000.0
O00290,C0343,2025-09-23,Pending,10108000.0,iso,10108000.0
O00291,C0176,2025-11-01,Processing,30560000.0,ambiguous_assumed_dmy,30560000.0
O00292,C0247,2026-02-05,Processing,13311000.0,ambiguous_assumed_dmy,13311000.0
O00293,C0182,2026-08-08,Pending,19767000.0,ambiguous_assumed_dmy,19767000.0
O00294,C0102,2025-03-21,Processing,8695000.0,forced_dmy,8695000.0
O00295,C0422,2025-11-21,Processing,17481000.0,forced_dmy,17481000.0
O00296,C0256,2025-11-21,Cancelled,2478000.0,forced_dmy,2478000.0
O00297,C0231,2025-09-05,Cancelled,8712000.0,ambiguous_assumed_dmy,8712000.0
O00298,C0019,2025-08-12,Processing,3364000.0,ambiguous_assumed_dmy,3364000.0
O00299,C0280,2025-06-20,Cancelled,4929000.0,iso,4929000.0
O00300,C0108,2025-07-15,Pending,12786000.0,forced_dmy,12786000.0
O00301,C0009,2025-06-11,Pending,932000.0,ambiguous_assumed_dmy,932000.0
O00302,C0333,2026-04-12,Cancelled,23965000.0,ambiguous_assumed_dmy,23965000.0
O00303,C0425,2026-07-10,Completed,42875000.0,iso,42875000.0
O00304,C0235,2026-03-15,Processing,21210000.0,forced_mdy,21210000.0
O00305,C0084,2026-07-10,Cancelled,17733000.0,ambiguous_assumed_dmy,17733000.0
O00306,C0325,2025-10-18,Pending,14845000.0,iso,14845000.0
O00307,C0046,2025-01-17,Cancelled,47133000.0,iso,47133000.0
O00308,C0384,2026-12-07,Cancelled,12633000.0,ambiguous_assumed_dmy,12633000.0
O00309,C0342,2025-10-24,Processing,985000.0,iso,985000.0
O00310,C0283,2026-01-26,Processing,20531000.0,forced_dmy,20531000.0
O00311,C0180,2026-04-21,Cancelled,19183000.0,iso,19183000.0
O00313,C0158,2026-03-01,Processing,18442000.0,iso,18442000.0
O00314,C0017,2025-01-16,Processing,8120000.0,forced_dmy,8120000.0
O00315,C0420,2026-09-07,Completed,19530000.0,iso,19530000.0
O00316,C0124,2026-07-24,Processing,15292000.0,forced_mdy,15292000.0
O00317,C0202,2025-02-22,Cancelled,14656000.0,iso,14656000.0
O00318,C0373,2025-06-27,Completed,46985000.0,forced_mdy,46985000.0
O00319,C0224,2025-08-25,Processing,25068000.0,forced_mdy,25068000.0
O00320,C0324,2026-08-14,Completed,22188000.0,forced_mdy,22188000.0
O00321,C0486,2025-11-27,Pending,31127000.0,iso,31127000.0
O00322,C0224,2025-01-12,Processing,10552000.0,iso,10552000.0
O00323,C0363,2026-07-11,Cancelled,36040000.0,iso,36040000.0
O00324,C0233,2026-02-01,Processing,958000.0,ambiguous_assumed_dmy,958000.0
O00325,C0153,2025-07-18,Processing,40524000.0,forced_mdy,40524000.0
O00326,C0395,2025-09-24,Pending,2575000.0,forced_dmy,2575000.0
O00327,C0479,2025-05-28,Pending,4029000.0,forced_mdy,4029000.0
O00328,C0444,2025-04-16,Cancelled,3299000.0,forced_mdy,3299000.0
O00329,C0055,2025-05-26,Completed,19056000.0,iso,19056000.0
O00330,C0040,2026-05-22,Processing,4496000.0,forced_dmy,4496000.0
O00331,C0252,2025-01-23,Pending,5580000.0,forced_dmy,5580000.0
O00332,C0040,2025-08-04,Cancelled,15340000.0,ambiguous_assumed_dmy,15340000.0
O00333,C0325,2026-04-07,Processing,1323000.0,ambiguous_assumed_dmy,1323000.0
O00334,C0463,2025-07-02,Pending,5244000.0,iso,5244000.0
O00335,C0178,2026-05-11,Pending,12057000.0,iso,12057000.0
O00336,C0380,2025-09-18,Processing,24577000.0,forced_mdy,24577000.0
O00337,C0275,2025-01-24,Processing,44909000.0,iso,44909000.0
O00338,C0059,2025-08-11,Completed,28181000.0,iso,22544800.0
O00339,C0043,2025-05-10,Completed,4660000.0,ambiguous_assumed_dmy,4660000.0
O00340,C0489,2025-04-05,Completed,1764000.0,ambiguous_assumed_dmy,1764000.0
O00341,C0224,2026-06-09,Processing,14993000.0,ambiguous_assumed_dmy,14993000.0
O00342,C0102,2025-10-15,Pending,30672000.0,forced_mdy,30672000.0
O00343,C0160,2025-06-19,Cancelled,52492000.0,forced_dmy,52492000.0
O00344,C0217,2026-09-03,Completed,39007000.0,ambiguous_assumed_dmy,39007000.0
O00345,C0311,2026-01-28,Processing,16850000.0,forced_mdy,16850000.0
O00346,C0192,2025-03-07,Processing,17095000.0,iso,17095000.0
O00347,C0130,2026-08-24,Completed,14593000.0,forced_mdy,14593000.0
O00348,C0204,2025-01-31,Processing,26111000.0,forced_dmy,26111000.0
O00349,C0405,2025-07-10,Processing,798000.0,iso,798000.0
O00350,C0337,2026-01-16,Processing,34517000.0,forced_dmy,34517000.0
O00351,C0005,2025-11-23,Pending,38976000.0,forced_mdy,38976000.0
O00352,C0110,2026-04-22,Completed,13912000.0,iso,13912000.0
O00353,C0198,2025-10-18,Processing,23695000.0,forced_mdy,23695000.0
O00354,C0053,2026-07-29,Pending,16776000.0,forced_mdy,16776000.0
O00356,C0026,2026-05-21,Pending,20982000.0,forced_dmy,20982000.0
O00357,C0062,2025-08-05,Processing,15059000.0,ambiguous_assumed_dmy,15059000.0
O00358,C0303,2026-01-28,Pending,47382000.0,forced_dmy,47382000.0
O00359,C0330,2026-08-13,Cancelled,11494000.0,forced_dmy,11494000.0
O00360,C0431,2026-02-17,Pending,5150000.0,forced_dmy,5150000.0
O00361,C0009,2025-03-13,Pending,6285000.0,forced_dmy,6285000.0
O00362,C0155,2025-10-09,Completed,18796000.0,ambiguous_assumed_dmy,18796000.0
O00363,C0285,2025-11-17,Pending,27540000.0,forced_dmy,27540000.0
O00364,C0357,2026-04-11,Pending,18941000.0,ambiguous_assumed_dmy,18941000.0
O00365,C0053,2025-01-30,Pending,830000.0,iso,830000.0
O00366,C0054,2025-11-27,Cancelled,14908000.0,iso,14908000.0
O00367,C0046,2025-07-15,Completed,16223000.0,forced_mdy,16223000.0
O00368,C0479,2025-02-23,Pending,3396000.0,iso,7425000.0
O00369,C0485,2025-11-08,Completed,34059000.0,ambiguous_assumed_dmy,34059000.0
O00370,C0139,2025-06-24,Cancelled,2384000.0,iso,2384000.0
O00371,C0164,2025-01-06,Cancelled,34568000.0,ambiguous_assumed_dmy,34568000.0
O00372,C0343,2025-06-05,Processing,10928000.0,ambiguous_assumed_dmy,10928000.0
O00373,C0339,2026-05-17,Completed,16771000.0,forced_mdy,16771000.0
O00374,C0116,2025-05-04,Completed,10656000.0,ambiguous_assumed_dmy,10656000.0
O00375,C0181,2026-07-26,Processing,5922000.0,forced_mdy,5922000.0
O00376,C0039,2026-05-22,Processing,39711000.0,iso,39711000.0
O00377,C0111,2026-04-25,Processing,13819000.0,forced_dmy,13819000.0
O00378,C0175,2025-08-02,Completed,5816000.0,ambiguous_assumed_dmy,5816000.0
O00379,C0336,2025-06-07,Pending,22650000.0,iso,22650000.0
O00380,C0470,2026-08-01,Cancelled,35474000.0,ambiguous_assumed_dmy,35474000.0
O00381,C0400,2026-02-14,Pending,4625000.0,forced_dmy,4625000.0
O00382,C0085,2025-11-11,Pending,22834000.0,iso,22834000.0
O00383,C0449,2025-04-20,Pending,59940000.0,iso,59940000.0
O00384,C0458,2026-04-17,Completed,12739000.0,iso,12739000.0
O00385,C0339,2026-06-28,Completed,44643000.0,forced_dmy,44643000.0
O00386,C0475,2026-07-18,Completed,2394000.0,forced_dmy,2394000.0
O00387,C0078,2026-11-02,Cancelled,11655000.0,ambiguous_assumed_dmy,11655000.0
O00388,C0028,2026-03-28,Completed,23540000.0,iso,23540000.0
O00389,C0333,2026-01-27,Cancelled,25352000.0,iso,25352000.0
O00390,C0097,2026-02-17,Completed,33396000.0,forced_mdy,33396000.0
O00391,C0266,2026-03-20,Pending,7375000.0,forced_mdy,7375000.0
O00392,C0491,2025-04-24,Pending,4442000.0,iso,4442000.0
O00393,C0295,2025-09-30,Pending,3304000.0,forced_mdy,3304000.0
O00394,C0142,2025-08-20,Cancelled,42634000.0,forced_dmy,42634000.0
O00395,C0052,2025-08-14,Completed,23946000.0,forced_dmy,23946000.0
O00396,C0088,2025-07-28,Completed,6910000.0,forced_mdy,6910000.0
O00397,C0376,2025-04-01,Processing,10154000.0,ambiguous_assumed_dmy,10154000.0
O00398,C0319,2026-04-05,Completed,15476000.0,ambiguous_assumed_dmy,15476000.0
O00399,C0088,2025-11-19,Pending,20910000.0,iso,20910000.0
O00400,C0171,2026-12-04,Pending,39071000.0,ambiguous_assumed_dmy,39071000.0
O00401,C0220,2025-12-09,Processing,35338000.0,ambiguous_assumed_dmy,35338000.0
O00402,C0088,2025-01-10,Completed,29908000.0,ambiguous_assumed_dmy,29908000.0
O00403,C0251,2025-09-11,Pending,22587000.0,iso,22587000.0
O00404,C0291,2025-10-25,Processing,16165000.0,iso,16165000.0
O00405,C0052,2025-11-08,Completed,17497000.0,ambiguous_assumed_dmy,17497000.0
O00406,C0377,2025-12-26,Completed,15635000.0,forced_mdy,15635000.0
O00407,C0130,2026-01-09,Pending,11756000.0,ambiguous_assumed_dmy,11756000.0
O00408,C0364,2025-12-08,Cancelled,6915000.0,iso,6915000.0
O00409,C0352,2026-06-16,Pending,7576000.0,iso,7576000.0
O00410,C0439,2025-08-14,Processing,4741000.0,forced_dmy,4741000.0
O00411,C0016,2025-09-08,Cancelled,16142000.0,ambiguous_assumed_dmy,16142000.0
O00412,C0382,2025-02-04,Cancelled,15620000.0,ambiguous_assumed_dmy,15620000.0
O00413,C0495,2025-08-10,Cancelled,20130000.0,ambiguous_assumed_dmy,20130000.0
O00414,C0136,2025-12-24,Cancelled,9005000.0,forced_mdy,9005000.0
O00415,C0484,2025-10-10,Processing,10512000.0,iso,10512000.0
O00416,C0267,2025-12-18,Pending,29441000.0,forced_dmy,29441000.0
O00417,C0291,2025-12-22,Pending,5160000.0,iso,2580000.0
O00418,C0475,2025-05-31,Processing,31660000.0,forced_mdy,31660000.0
O00419,C0320,2026-07-26,Processing,6139000.0,forced_dmy,6139000.0
O00420,C0148,2025-03-08,Pending,28741000.0,ambiguous_assumed_dmy,28741000.0
O00421,C0112,2025-10-17,Pending,1454000.0,iso,1454000.0
O00422,C0157,2025-06-01,Completed,19611000.0,ambiguous_assumed_dmy,19611000.0
O00423,C0026,2025-09-15,Completed,44710000.0,forced_dmy,44710000.0
O00424,C0489,2025-03-30,Completed,36822000.0,iso,36822000.0
O00425,C0222,2026-08-23,Completed,20101000.0,iso,20101000.0
O00426,C0243,2025-12-30,Cancelled,35373000.0,forced_dmy,35373000.0
O00427,C0496,2025-11-04,Completed,59938000.0,ambiguous_assumed_dmy,59938000.0
O00428,C0089,2026-01-08,Completed,3659000.0,ambiguous_assumed_dmy,3659000.0
O00429,C0350,2025-07-24,Processing,10103000.0,forced_dmy,10103000.0
O00430,C0103,2025-11-05,Pending,8225000.0,ambiguous_assumed_dmy,8225000.0
O00431,C0475,2026-04-18,Processing,41303000.0,forced_dmy,41303000.0
O00432,C0050,2025-05-22,Cancelled,197000.0,forced_mdy,197000.0
O00433,C0258,2026-01-02,Completed,19995000.0,ambiguous_assumed_dmy,19995000.0
O00434,C0216,2026-02-25,Pending,22943000.0,forced_mdy,22943000.0
O00435,C0491,2026-08-03,Processing,15532000.0,ambiguous_assumed_dmy,15532000.0
O00436,C0403,2025-09-06,Completed,48646000.0,iso,48646000.0
O00437,C0028,2026-07-02,Cancelled,11727000.0,ambiguous_assumed_dmy,11727000.0
O00438,C0237,2026-06-15,Pending,29011000.0,iso,29011000.0
O00439,C0139,2025-04-20,Pending,3141000.0,forced_dmy,3141000.0
O00440,C0247,2025-06-12,Pending,15169000.0,ambiguous_assumed_dmy,15169000.0
O00441,C0346,2026-08-06,Pending,31660000.0,ambiguous_assumed_dmy,31660000.0
O00442,C0265,2025-05-28,Cancelled,34954000.0,iso,34954000.0
O00443,C0459,2025-08-06,Completed,17912000.0,ambiguous_assumed_dmy,17912000.0
O00444,C0413,2026-05-12,Processing,28963000.0,iso,28963000.0
O00445,C0001,2025-06-06,Pending,14819000.0,ambiguous_assumed_dmy,14819000.0
O00446,C0127,2025-07-29,Cancelled,13293000.0,iso,13293000.0
O00447,C0201,2025-02-26,Completed,7504000.0,forced_dmy,7504000.0
O00448,C0095,2025-08-29,Completed,3578000.0,forced_mdy,3578000.0
O00449,C0440,2025-07-05,Processing,11393000.0,ambiguous_assumed_dmy,11393000.0
O00450,C0095,2025-05-26,Processing,1343000.0,iso,1343000.0
O00451,C0380,2026-07-14,Cancelled,6236000.0,forced_dmy,6236000.0
O00452,C0149,2025-04-13,Cancelled,5937000.0,forced_dmy,5937000.0
O00453,C0201,2026-01-31,Pending,3580000.0,forced_dmy,3580000.0
O00454,C0417,2026-03-12,Pending,5593000.0,ambiguous_assumed_dmy,5593000.0
O00455,C0062,2026-01-08,Pending,17371000.0,ambiguous_assumed_dmy,17371000.0
O00456,C0018,2026-04-01,Completed,18058000.0,iso,21669600.0
O00457,C0452,2026-04-15,Pending,48864000.0,iso,48864000.0
O00458,C0257,2026-05-31,Completed,21668000.0,forced_mdy,21668000.0
O00459,C0263,2025-03-06,Processing,5961000.0,ambiguous_assumed_dmy,5961000.0
O00460,C0369,2026-07-31,Cancelled,3299000.0,forced_mdy,3299000.0
O00461,C0143,2025-07-11,Pending,1263000.0,ambiguous_assumed_dmy,1263000.0
O00462,C0193,2026-04-29,Processing,26800000.0,forced_mdy,26800000.0
O00463,C0475,2026-06-04,Completed,25366000.0,iso,25366000.0
O00464,C0302,2026-08-18,Cancelled,5830000.0,iso,5830000.0
O00465,C0016,2025-12-06,Pending,1323000.0,ambiguous_assumed_dmy,1323000.0
O00466,C0256,2026-03-05,Processing,24058000.0,ambiguous_assumed_dmy,24058000.0
O00467,C0054,2025-06-28,Cancelled,24219000.0,forced_dmy,24219000.0
O00468,C0032,2025-09-14,Pending,14552000.0,forced_mdy,14552000.0
O00469,C0227,2026-01-19,Pending,9753000.0,iso,9753000.0
O00470,C0056,2026-06-04,Processing,12564000.0,ambiguous_assumed_dmy,12564000.0
O00471,C0285,2025-07-24,Completed,28172000.0,forced_dmy,28172000.0
O00472,C0348,2025-10-20,Processing,19724000.0,forced_mdy,19724000.0
O00473,C0223,2026-06-26,Pending,6204000.0,forced_mdy,6204000.0
O00474,C0323,2025-04-09,Pending,13853000.0,iso,13853000.0
O00475,C0185,2026-02-22,Pending,3005000.0,forced_dmy,3005000.0
O00476,C0350,2026-06-25,Processing,989000.0,iso,989000.0
O00477,C0424,2026-05-01,Completed,17820000.0,ambiguous_assumed_dmy,17820000.0
O00478,C0411,2025-10-03,Cancelled,52724000.0,ambiguous_assumed_dmy,52724000.0
O00479,C0448,2025-03-14,Pending,9910000.0,iso,9910000.0
O00480,C0153,2025-04-14,Cancelled,6013000.0,iso,6013000.0
O00481,C0308,2026-07-08,Pending,14911000.0,iso,14911000.0
O00482,C0473,2025-09-15,Completed,814000.0,iso,814000.0
O00483,C0496,2025-10-22,Processing,5502000.0,forced_mdy,5502000.0
O00484,C0257,2025-11-16,Pending,7576000.0,forced_mdy,7576000.0
O00485,C0457,2025-04-24,Cancelled,17305000.0,forced_dmy,17305000.0
O00486,C0017,2025-12-13,Completed,31347000.0,iso,31347000.0
O00487,C0455,2025-02-03,Processing,35084000.0,ambiguous_assumed_dmy,35084000.0
O00488,C0169,2025-03-05,Cancelled,12713000.0,iso,12713000.0
O00489,C0178,2025-03-14,Pending,9096000.0,forced_mdy,9096000.0
O00490,C0485,2025-05-13,Pending,15152000.0,iso,15152000.0
O00491,C0255,2026-06-04,Completed,25907000.0,ambiguous_assumed_dmy,25907000.0
O00492,C0156,2025-08-22,Pending,2388000.0,iso,2388000.0
O00493,C0274,2026-01-24,Pending,32184000.0,forced_mdy,32184000.0
O00494,C0027,2026-02-01,Processing,23694000.0,ambiguous_assumed_dmy,23694000.0
O00495,C0219,2026-07-17,Pending,411000.0,forced_dmy,411000.0
O00496,C0460,2026-01-12,Processing,3078000.0,ambiguous_assumed_dmy,3078000.0
O00497,C0471,2025-03-01,Processing,36912000.0,iso,36912000.0
O00498,C0006,2025-08-21,Pending,13612000.0,iso,13612000.0
O00499,C0128,2025-02-28,Pending,18355000.0,iso,18355000.0
O00500,C0093,2025-10-17,Completed,47210000.0,forced_dmy,47210000.0
O00501,C0150,2025-05-13,Cancelled,9684000.0,forced_dmy,9684000.0
O00502,C0337,2025-03-20,Completed,11265000.0,forced_mdy,11265000.0
O00503,C0254,2026-01-01,Cancelled,17828000.0,ambiguous_assumed_dmy,17828000.0
O00504,C0483,2026-11-01,Completed,14684000.0,ambiguous_assumed_dmy,7342000.0
O00505,C0270,2025-10-01,Pending,22193000.0,iso,22193000.0
O00506,C0462,2026-02-25,Cancelled,13092000.0,forced_dmy,13092000.0
O00507,C0105,2025-05-21,Processing,8654000.0,forced_dmy,8654000.0
O00508,C0284,2025-04-08,Completed,14893000.0,ambiguous_assumed_dmy,14893000.0
O00509,C0019,2025-08-29,Cancelled,6476000.0,forced_mdy,6476000.0
O00510,C0488,2025-04-27,Cancelled,2893000.0,iso,2893000.0
O00511,C0143,2026-08-26,Completed,4708000.0,iso,4708000.0
O00512,C0143,2026-01-29,Pending,3286000.0,forced_dmy,3286000.0
O00513,C0228,2025-02-15,Processing,38931000.0,forced_dmy,38931000.0
O00514,C0338,2026-03-18,Pending,22267000.0,forced_mdy,22267000.0
O00515,C0017,2026-09-07,Pending,21621000.0,ambiguous_assumed_dmy,21621000.0
O00516,C0473,2025-09-26,Processing,30741000.0,iso,30741000.0
O00517,C0372,2026-03-21,Pending,18842000.0,iso,18842000.0
O00518,C0199,2025-10-22,Cancelled,13861000.0,forced_dmy,13861000.0
O00519,C0084,2026-01-26,Processing,20685000.0,iso,20685000.0
O00520,C0144,2025-08-10,Processing,4420000.0,ambiguous_assumed_dmy,4420000.0
O00521,C0173,2026-08-08,Pending,5013000.0,ambiguous_assumed_dmy,5013000.0
O00522,C0186,2025-03-10,Completed,4392000.0,ambiguous_assumed_dmy,4392000.0
O00523,C0064,2025-11-11,Completed,23233000.0,ambiguous_assumed_dmy,23233000.0
O00524,C0228,2026-04-19,Cancelled,15542000.0,iso,15542000.0
O00525,C0019,2026-01-03,Processing,19797000.0,ambiguous_assumed_dmy,19797000.0
O00526,C0297,2025-03-23,Completed,2268000.0,iso,2268000.0
O00527,C0093,2025-09-22,Completed,26620000.0,forced_dmy,26620000.0
O00528,C0117,2025-06-28,Pending,16165000.0,iso,16165000.0
O00529,C0336,2025-09-02,Cancelled,12268000.0,ambiguous_assumed_dmy,12268000.0
O00530,C0022,2026-07-21,Processing,16158000.0,iso,16158000.0
O00531,C0133,2025-09-21,Completed,25200000.0,forced_mdy,25200000.0
O00532,C0308,2025-08-29,Pending,11213000.0,iso,11213000.0
O00533,C0228,2025-04-26,Pending,14636000.0,iso,14636000.0
O00534,C0167,2026-08-08,Cancelled,12228000.0,iso,12228000.0
O00535,C0449,2025-10-17,Pending,2075000.0,forced_dmy,2075000.0
O00536,C0404,2026-04-01,Cancelled,16942000.0,ambiguous_assumed_dmy,16942000.0
O00537,C0241,2025-10-29,Pending,6008000.0,iso,6008000.0
O00538,C0023,2025-10-25,Pending,10905000.0,iso,10905000.0
O00539,C0109,2025-11-17,Completed,22652000.0,iso,22652000.0
O00540,C0426,2026-08-20,Processing,2676000.0,forced_dmy,2676000.0
O00541,C0041,2025-03-21,Cancelled,4754000.0,forced_mdy,4754000.0
O00542,C0434,2026-06-25,Cancelled,13783000.0,forced_mdy,13783000.0
O00543,C0163,2025-10-03,Completed,4446000.0,iso,4446000.0
O00544,C0125,2026-01-06,Cancelled,22229000.0,ambiguous_assumed_dmy,22229000.0
O00545,C0355,2025-09-04,Cancelled,9684000.0,ambiguous_assumed_dmy,9684000.0
O00546,C0181,2026-07-28,Pending,2676000.0,forced_dmy,2676000.0
O00547,C0248,2026-09-12,Cancelled,12999000.0,ambiguous_assumed_dmy,12999000.0
O00548,C0292,2025-05-09,Processing,12481000.0,ambiguous_assumed_dmy,12481000.0
O00549,C0300,2025-05-22,Completed,53825000.0,forced_dmy,53825000.0
O00550,C0161,2025-05-01,Cancelled,7750000.0,ambiguous_assumed_dmy,7750000.0
O00551,C0295,2026-05-22,Processing,3863000.0,iso,3863000.0
O00552,C0008,2025-06-20,Cancelled,16690000.0,forced_dmy,16690000.0
O00553,C0381,2025-04-14,Pending,12385000.0,forced_dmy,12385000.0
O00554,C0354,2025-06-20,Processing,43980000.0,forced_mdy,43980000.0
O00555,C0471,2026-02-02,Completed,2865000.0,iso,4297500.0
O00556,C0357,2026-07-25,Completed,25785000.0,iso,25785000.0
O00557,C0460,2025-11-12,Pending,33405000.0,ambiguous_assumed_dmy,33405000.0
O00558,C0038,2025-12-30,Cancelled,33276000.0,forced_mdy,33276000.0
O00559,C0380,2026-03-23,Cancelled,10025000.0,forced_mdy,10025000.0
O00560,C0376,2025-07-07,Pending,11580000.0,iso,11580000.0
O00561,C0304,2026-08-31,Cancelled,14978000.0,forced_dmy,14978000.0
O00562,C0225,2025-06-30,Completed,20781000.0,iso,20781000.0
O00563,C0153,2026-05-21,Pending,26944000.0,forced_mdy,26944000.0
O00564,C0460,2026-06-22,Cancelled,29049000.0,forced_dmy,29049000.0
O00565,C0197,2025-11-23,Processing,21270000.0,iso,21270000.0
O00566,C0452,2025-04-08,Completed,13820000.0,ambiguous_assumed_dmy,13820000.0
O00567,C0051,2025-12-22,Processing,5690000.0,iso,5690000.0
O00568,C0141,2026-05-14,Processing,32671000.0,iso,32671000.0
O00569,C0481,2025-09-23,Pending,15643000.0,iso,15643000.0
O00570,C0143,2025-05-25,Processing,21232000.0,forced_mdy,21232000.0
O00571,C0387,2025-06-22,Pending,2436000.0,forced_mdy,2436000.0
O00572,C0410,2025-07-19,Cancelled,1221000.0,iso,1221000.0
O00573,C0105,2025-10-16,Cancelled,19809000.0,forced_mdy,19809000.0
O00574,C0267,2025-05-10,Completed,18655000.0,iso,18655000.0
O00575,C0228,2026-03-19,Completed,20802000.0,iso,20802000.0
O00576,C0143,2025-04-30,Pending,54728000.0,forced_mdy,54728000.0
O00577,C0373,2025-03-18,Processing,23969000.0,forced_mdy,11984500.0
O00578,C0142,2026-10-04,Pending,3455000.0,ambiguous_assumed_dmy,3455000.0
O00579,C0162,2025-09-02,Pending,10131000.0,ambiguous_assumed_dmy,10131000.0
O00580,C0163,2025-07-14,Pending,22356000.0,forced_mdy,22356000.0
O00581,C0005,2025-09-09,Cancelled,18810000.0,iso,18810000.0
O00582,C0136,2026-04-27,Cancelled,19144000.0,iso,19144000.0
O00583,C0145,2025-05-15,Pending,8316000.0,forced_mdy,8316000.0
O00584,C0384,2025-08-08,Cancelled,21439000.0,iso,21439000.0
O00585,C0286,2025-08-02,Processing,22585000.0,iso,22585000.0
O00586,C0353,2025-09-27,Cancelled,12624000.0,forced_mdy,12624000.0
O00587,C0327,2025-12-24,Processing,3455000.0,forced_dmy,3455000.0
O00588,C0449,2025-10-27,Cancelled,18704000.0,forced_dmy,18704000.0
O00589,C0307,2026-01-01,Cancelled,31397000.0,ambiguous_assumed_dmy,31397000.0
O00590,C0113,2025-04-26,Cancelled,8680000.0,forced_dmy,8680000.0
O00591,C0127,2026-03-12,Processing,26269000.0,ambiguous_assumed_dmy,26269000.0
O00593,C0397,2026-11-05,Cancelled,15149000.0,ambiguous_assumed_dmy,15149000.0
O00594,C0015,2025-10-25,Processing,26117000.0,forced_dmy,39175500.0
O00595,C0288,2025-11-27,Completed,31345000.0,forced_dmy,31345000.0
O00596,C0415,2026-03-29,Cancelled,8148000.0,forced_dmy,8148000.0
O00597,C0138,2026-05-13,Processing,2090000.0,forced_dmy,2090000.0
O00598,C0420,2025-02-16,Cancelled,13474000.0,forced_dmy,13474000.0
O00599,C0294,2025-06-20,Processing,1746000.0,forced_mdy,1746000.0
O00600,C0486,2025-04-12,Pending,30264000.0,ambiguous_assumed_dmy,30264000.0
O00601,C0411,2026-01-24,Completed,8876000.0,forced_dmy,8876000.0
O00602,C0336,2025-02-20,Processing,8846000.0,forced_dmy,8846000.0
O00603,C0102,2025-10-06,Cancelled,14317000.0,ambiguous_assumed_dmy,14317000.0
O00604,C0149,2025-06-15,Completed,24703000.0,forced_dmy,24703000.0
O00605,C0284,2025-09-12,Pending,18153000.0,iso,18153000.0
O00606,C0053,2026-05-29,Cancelled,5832000.0,iso,5832000.0
O00607,C0145,2025-05-11,Processing,31885000.0,ambiguous_assumed_dmy,31885000.0
O00608,C0127,2025-02-04,Pending,20980000.0,ambiguous_assumed_dmy,16784000.0
O00609,C0206,2025-05-15,Completed,6531000.0,iso,6531000.0
O00610,C0038,2026-06-01,Cancelled,28036000.0,iso,28036000.0
O00611,C0381,2026-07-09,Processing,42000000.0,iso,42000000.0
O00612,C0302,2026-02-05,Completed,13550000.0,ambiguous_assumed_dmy,13550000.0
O00613,C0263,2025-01-24,Completed,169000.0,forced_dmy,169000.0
O00614,C0052,2025-09-28,Cancelled,15111000.0,forced_dmy,15111000.0
O00615,C0220,2025-06-04,Cancelled,9194000.0,ambiguous_assumed_dmy,9194000.0
O00616,C0248,2025-10-19,Processing,36499000.0,forced_dmy,36499000.0
O00617,C0255,2026-02-08,Pending,17587000.0,ambiguous_assumed_dmy,17587000.0
O00618,C0296,2025-01-26,Processing,12494000.0,forced_dmy,12494000.0
O00619,C0245,2026-07-31,Completed,3808000.0,forced_dmy,3808000.0
O00620,C0415,2025-03-27,Processing,11368000.0,iso,11368000.0
O00621,C0304,2025-09-13,Processing,2897000.0,forced_dmy,2897000.0
O00622,C0430,2026-04-30,Processing,10425000.0,iso,10425000.0
O00623,C0130,2026-02-26,Completed,19457000.0,iso,19457000.0
O00624,C0165,2026-08-02,Cancelled,19487000.0,iso,19487000.0
O00625,C0354,2025-03-08,Cancelled,19276000.0,ambiguous_assumed_dmy,19276000.0
O00626,C0161,2025-08-30,Cancelled,2845000.0,forced_mdy,2845000.0
O00627,C0264,2026-07-23,Pending,2523000.0,iso,2523000.0
O00628,C0359,2025-03-21,Processing,29399000.0,iso,29399000.0
O00629,C0267,2025-05-05,Processing,21474000.0,ambiguous_assumed_dmy,21474000.0
O00630,C0020,2026-11-03,Processing,3668000.0,ambiguous_assumed_dmy,3668000.0
O00631,C0250,2025-05-24,Cancelled,29636000.0,forced_dmy,29636000.0
O00632,C0152,2025-01-05,Completed,20736000.0,ambiguous_assumed_dmy,20736000.0
O00633,C0268,2025-11-27,Completed,20845000.0,forced_mdy,20845000.0
O00634,C0073,2025-10-25,Processing,7447000.0,forced_mdy,7447000.0
O00635,C0191,2026-06-16,Completed,10560000.0,forced_dmy,10560000.0
O00636,C0108,2025-12-05,Processing,676000.0,iso,676000.0
O00637,C0367,2026-05-01,Completed,15198000.0,ambiguous_assumed_dmy,15198000.0
O00638,C0077,2026-04-27,Pending,21176000.0,forced_dmy,21176000.0
O00639,C0097,2025-07-24,Pending,28806000.0,forced_mdy,28806000.0
O00640,C0170,2025-07-04,Cancelled,11956000.0,ambiguous_assumed_dmy,11956000.0
O00641,C0035,2025-12-25,Processing,13496000.0,forced_dmy,13496000.0
O00642,C0008,2025-07-17,Completed,6285000.0,forced_dmy,6285000.0
O00643,C0189,2026-02-17,Processing,32857000.0,iso,32857000.0
O00644,C0079,2025-04-16,Processing,17289000.0,forced_dmy,17289000.0
O00645,C0135,2026-01-08,Processing,37100000.0,ambiguous_assumed_dmy,37100000.0
O00646,C0331,2026-01-28,Completed,5171000.0,forced_mdy,5171000.0
O00647,C0108,2025-06-22,Processing,31219000.0,iso,31219000.0
O00648,C0476,2025-05-31,Processing,14526000.0,forced_dmy,14526000.0
O00649,C0166,2025-03-21,Processing,51382000.0,forced_mdy,51382000.0
O00650,C0218,2026-04-29,Completed,826000.0,forced_mdy,826000.0
O00651,C0124,2026-07-28,Cancelled,2704000.0,forced_dmy,2704000.0
O00652,C0182,2025-11-16,Completed,19913000.0,forced_mdy,24278000.0
O00653,C0453,2026-12-09,Processing,21221000.0,ambiguous_assumed_dmy,21221000.0
O00654,C0365,2025-05-27,Cancelled,24395000.0,forced_dmy,24395000.0
O00655,C0351,2025-04-05,Cancelled,8204000.0,ambiguous_assumed_dmy,8204000.0
O00656,C0092,2025-01-26,Cancelled,16964000.0,forced_mdy,16964000.0
O00657,C0373,2026-03-11,Processing,24205000.0,ambiguous_assumed_dmy,24205000.0
O00658,C0092,2025-01-11,Cancelled,19040000.0,ambiguous_assumed_dmy,19040000.0
O00659,C0003,2026-08-24,Completed,21559000.0,iso,21559000.0
O00660,C0469,2025-09-17,Pending,16807000.0,forced_mdy,16807000.0
O00661,C0018,2025-10-09,Cancelled,1245000.0,ambiguous_assumed_dmy,1245000.0
O00662,C0357,2025-09-17,Pending,14510000.0,forced_mdy,14510000.0
O00663,C0442,2026-04-28,Cancelled,8893000.0,forced_dmy,8893000.0
O00664,C0243,2026-07-13,Pending,31107000.0,forced_dmy,31107000.0
O00665,C0314,2025-06-06,Processing,39067000.0,iso,39067000.0
O00666,C0215,2025-03-05,Cancelled,15410000.0,ambiguous_assumed_dmy,15410000.0
O00667,C0161,2025-04-10,Completed,18355000.0,iso,18355000.0
O00668,C0171,2025-11-21,Processing,24829000.0,forced_mdy,24829000.0
O00669,C0484,2026-11-01,Pending,21826000.0,ambiguous_assumed_dmy,21826000.0
O00670,C0214,2025-04-03,Processing,27985000.0,ambiguous_assumed_dmy,27985000.0
O00671,C0374,2025-10-01,Processing,18311000.0,ambiguous_assumed_dmy,18311000.0
O00672,C0142,2025-07-23,Cancelled,19380000.0,iso,19380000.0
O00673,C0160,2025-10-08,Completed,29250000.0,iso,29250000.0
O00674,C0239,2026-05-08,Pending,14126000.0,ambiguous_assumed_dmy,14126000.0
O00675,C0046,2025-04-30,Processing,33321000.0,forced_mdy,33321000.0
O00676,C0096,2025-11-22,Pending,19730000.0,iso,19730000.0
O00677,C0112,2026-01-19,Pending,19944000.0,forced_mdy,19944000.0
O00678,C0158,2025-07-15,Processing,14220000.0,forced_dmy,14220000.0
O00679,C0195,2025-10-21,Completed,5928000.0,iso,5928000.0
O00680,C0212,2025-08-20,Completed,676000.0,iso,676000.0
O00681,C0152,2025-09-23,Cancelled,25936000.0,forced_dmy,25936000.0
O00682,C0251,2025-12-30,Completed,30687000.0,forced_dmy,30687000.0
O00683,C0425,2025-06-24,Cancelled,17411000.0,iso,17411000.0
O00684,C0360,2026-03-21,Completed,18486000.0,iso,18486000.0
O00685,C0359,2026-05-31,Completed,39509000.0,iso,39509000.0
O00686,C0133,2025-08-12,Completed,1092000.0,iso,1092000.0
O00688,C0166,2026-01-17,Cancelled,18288000.0,forced_mdy,18288000.0
O00689,C0166,2025-04-18,Completed,15679000.0,iso,15679000.0
O00690,C0216,2026-02-05,Completed,21289000.0,ambiguous_assumed_dmy,21289000.0
O00691,C0096,2026-01-02,Processing,14074000.0,ambiguous_assumed_dmy,14074000.0
O00692,C0096,2025-01-23,Cancelled,8079000.0,forced_mdy,8079000.0
O00693,C0375,2026-02-13,Processing,6898000.0,forced_dmy,6898000.0
O00694,C0192,2026-08-09,Cancelled,4041000.0,ambiguous_assumed_dmy,4041000.0
O00695,C0154,2025-02-11,Pending,14145000.0,ambiguous_assumed_dmy,14145000.0
O00696,C0397,2025-03-10,Cancelled,11708000.0,ambiguous_assumed_dmy,11708000.0
O00697,C0084,2026-09-06,Completed,17032000.0,ambiguous_assumed_dmy,17032000.0
O00698,C0488,2026-05-08,Processing,26513000.0,ambiguous_assumed_dmy,26513000.0
O00699,C0404,2025-02-25,Completed,8580000.0,iso,8580000.0
O00700,C0235,2026-02-10,Cancelled,13084000.0,iso,13084000.0
O00701,C0103,2025-06-26,Completed,20792000.0,iso,20792000.0
O00702,C0121,2025-07-28,Pending,20653000.0,forced_mdy,20653000.0
O00703,C0079,2026-07-23,Pending,45955000.0,forced_dmy,45955000.0
O00704,C0177,2025-04-13,Cancelled,13060000.0,forced_mdy,13060000.0
O00705,C0468,2026-04-29,Cancelled,9080000.0,forced_dmy,9080000.0
O00706,C0391,2025-04-09,Processing,11403000.0,ambiguous_assumed_dmy,11403000.0
O00707,C0205,2025-01-12,Cancelled,9974000.0,ambiguous_assumed_dmy,9974000.0
O00708,C0274,2025-03-15,Cancelled,31702000.0,forced_mdy,31702000.0
O00709,C0114,2025-07-02,Completed,9252000.0,ambiguous_assumed_dmy,9252000.0
O00710,C0257,2025-01-02,Cancelled,352000.0,iso,352000.0
O00711,C0071,2026-05-27,Pending,20556000.0,iso,20556000.0
O00712,C0223,2025-06-04,Cancelled,17672000.0,ambiguous_assumed_dmy,17672000.0
O00713,C0218,2025-06-04,Completed,13230000.0,ambiguous_assumed_dmy,13230000.0
O00714,C0018,2025-09-25,Processing,18880000.0,iso,18880000.0
O00715,C0350,2026-06-14,Cancelled,13398000.0,iso,13398000.0
O00716,C0352,2025-04-14,Cancelled,3117000.0,iso,3117000.0
O00717,C0164,2025-12-05,Cancelled,46619000.0,ambiguous_assumed_dmy,46619000.0
O00718,C0006,2026-05-13,Cancelled,22181000.0,forced_dmy,22181000.0
O00719,C0156,2026-12-03,Pending,268000.0,ambiguous_assumed_dmy,268000.0
O00720,C0258,2026-01-17,Completed,3608000.0,forced_mdy,3608000.0
O00721,C0058,2025-03-07,Cancelled,13225000.0,ambiguous_assumed_dmy,13225000.0
O00722,C0077,2025-01-08,Completed,601000.0,iso,601000.0
O00723,C0223,2025-02-19,Completed,22931000.0,iso,22931000.0
O00724,C0445,2026-05-17,Completed,7186000.0,iso,7186000.0
O00725,C0130,2026-03-12,Completed,12976000.0,iso,12976000.0
O00726,C0092,2025-10-28,Cancelled,4875000.0,iso,4875000.0
O00727,C0167,2025-01-11,Pending,9207000.0,ambiguous_assumed_dmy,9207000.0
O00728,C0183,2025-02-07,Cancelled,23085000.0,iso,23085000.0
O00729,C0044,2026-02-07,Processing,4420000.0,ambiguous_assumed_dmy,4420000.0
O00730,C0325,2026-05-21,Completed,19626000.0,forced_dmy,19626000.0
O00731,C0353,2025-09-07,Cancelled,4365000.0,iso,4365000.0
O00732,C0168,2026-01-17,Processing,20690000.0,forced_mdy,20690000.0
O00733,C0327,2025-04-14,Pending,24740000.0,forced_dmy,24740000.0
O00734,C0384,2025-11-06,Cancelled,40082000.0,iso,40082000.0
O00735,C0487,2025-09-21,Pending,50329000.0,forced_dmy,50329000.0
O00736,C0407,2025-07-16,Completed,10697000.0,forced_dmy,10697000.0
O00737,C0356,2025-02-20,Cancelled,12486000.0,iso,12486000.0
O00738,C0141,2025-10-07,Pending,14917000.0,ambiguous_assumed_dmy,14917000.0
O00739,C0466,2025-07-05,Completed,1323000.0,ambiguous_assumed_dmy,1323000.0
O00740,C0209,2025-01-08,Cancelled,20910000.0,ambiguous_assumed_dmy,20910000.0
O00741,C0141,2025-10-01,Completed,19637000.0,iso,19637000.0
O00742,C0116,2025-01-19,Completed,7232000.0,iso,7232000.0
O00743,C0314,2025-10-22,Cancelled,27739000.0,forced_mdy,27739000.0
O00744,C0326,2026-09-02,Cancelled,15110000.0,ambiguous_assumed_dmy,15110000.0
O00745,C0176,2025-12-15,Completed,13758000.0,forced_dmy,13758000.0
O00746,C0237,2026-05-26,Processing,14688000.0,forced_mdy,14688000.0
O00747,C0131,2026-02-17,Pending,36576000.0,forced_mdy,36576000.0
O00748,C0288,2025-12-20,Processing,7666000.0,forced_mdy,7666000.0
O00749,C0190,2025-11-08,Completed,685000.0,ambiguous_assumed_dmy,685000.0
O00750,C0016,2025-09-06,Processing,10767000.0,ambiguous_assumed_dmy,10767000.0
O00751,C0290,2026-03-18,Pending,7616000.0,forced_dmy,7616000.0
O00752,C0381,2026-05-18,Cancelled,11285000.0,forced_mdy,11285000.0
O00753,C0194,2025-05-07,Cancelled,10229000.0,iso,10229000.0
O00754,C0057,2026-08-08,Processing,22659000.0,iso,22659000.0
O00755,C0206,2026-07-18,Completed,4254000.0,iso,4254000.0
O00756,C0462,2026-09-06,Completed,17621000.0,ambiguous_assumed_dmy,17621000.0
O00757,C0341,2025-11-22,Cancelled,14356000.0,iso,14356000.0
O00758,C0254,2026-04-21,Cancelled,15226000.0,iso,15226000.0
O00759,C0205,2025-10-23,Completed,50434000.0,forced_dmy,50434000.0
O00760,C0350,2025-04-11,Cancelled,18049000.0,ambiguous_assumed_dmy,18049000.0
O00761,C0097,2025-01-30,Processing,16041000.0,iso,16041000.0
O00762,C0318,2026-05-31,Cancelled,6688000.0,iso,6688000.0
O00763,C0313,2025-09-13,Cancelled,16051000.0,forced_mdy,16051000.0
O00764,C0488,2026-01-15,Cancelled,7812000.0,forced_mdy,7812000.0
O00765,C0436,2025-06-15,Completed,25329000.0,forced_mdy,25329000.0
O00766,C0090,2026-04-29,Processing,5372000.0,forced_dmy,5372000.0
O00767,C0151,2025-08-03,Processing,62650000.0,ambiguous_assumed_dmy,62650000.0
O00768,C0236,2025-09-08,Cancelled,4662000.0,iso,4662000.0
O00769,C0499,2026-04-18,Pending,10991000.0,forced_mdy,10991000.0
O00770,C0447,2025-06-13,Cancelled,12268000.0,forced_mdy,12268000.0
O00771,C0004,2025-03-02,Cancelled,21961000.0,ambiguous_assumed_dmy,21961000.0
O00772,C0442,2026-01-30,Cancelled,13985000.0,forced_dmy,13985000.0
O00773,C0367,2026-07-01,Pending,5529000.0,ambiguous_assumed_dmy,5529000.0
O00774,C0424,2025-03-03,Cancelled,18586000.0,ambiguous_assumed_dmy,18586000.0
O00775,C0187,2026-02-14,Cancelled,6208000.0,forced_dmy,6208000.0
O00776,C0054,2025-05-30,Pending,37742000.0,forced_mdy,37742000.0
O00777,C0188,2026-02-27,Completed,21694000.0,iso,21694000.0
O00778,C0408,2026-05-10,Completed,17529000.0,iso,17529000.0
O00779,C0329,2025-03-17,Cancelled,30614000.0,iso,30614000.0
O00780,C0176,2025-10-30,Cancelled,15876000.0,forced_dmy,15876000.0
O00781,C0359,2025-09-22,Completed,21383000.0,forced_mdy,21383000.0
O00782,C0390,2025-05-24,Completed,9860000.0,iso,9860000.0
O00783,C0451,2026-01-15,Completed,23957000.0,forced_mdy,23957000.0
O00784,C0158,2025-06-12,Completed,9995000.0,ambiguous_assumed_dmy,9995000.0
O00785,C0345,2025-10-29,Processing,24133000.0,iso,24133000.0
O00786,C0150,2026-01-29,Processing,15445000.0,iso,15445000.0
O00787,C0299,2025-11-07,Pending,19153000.0,ambiguous_assumed_dmy,19153000.0
O00788,C0370,2026-06-05,Cancelled,27132000.0,ambiguous_assumed_dmy,27132000.0
O00789,C0498,2025-12-19,Processing,9735000.0,forced_mdy,9735000.0
O00790,C0161,2026-06-20,Cancelled,2790000.0,forced_dmy,2790000.0
O00791,C0446,2026-06-22,Processing,40582000.0,forced_dmy,40582000.0
O00792,C0008,2025-03-08,Processing,11596000.0,ambiguous_assumed_dmy,11596000.0
O00793,C0115,2025-03-06,Pending,29925000.0,ambiguous_assumed_dmy,29925000.0
O00794,C0183,2026-05-26,Pending,12059000.0,forced_mdy,12059000.0
O00795,C0460,2025-08-22,Processing,8530000.0,forced_dmy,8530000.0
O00796,C0017,2026-02-13,Pending,62477000.0,forced_dmy,62477000.0
O00797,C0035,2025-10-05,Pending,20127000.0,iso,20127000.0
O00798,C0291,2026-06-20,Processing,33440000.0,forced_dmy,33440000.0
O00799,C0094,2025-09-08,Cancelled,7557000.0,iso,7557000.0
O00800,C0312,2025-09-30,Completed,37191000.0,iso,37191000.0
O00801,C0376,2025-03-07,Completed,996000.0,iso,996000.0
O00802,C0117,2025-09-07,Cancelled,7914000.0,ambiguous_assumed_dmy,7914000.0
O00803,C0275,2025-02-22,Pending,2944000.0,iso,2944000.0
O00804,C0060,2026-03-29,Cancelled,18174000.0,iso,18174000.0
O00805,C0278,2026-08-27,Cancelled,30696000.0,forced_dmy,30696000.0
O00806,C0298,2026-03-17,Cancelled,21657000.0,forced_mdy,21657000.0
O00807,C0302,2026-04-13,Completed,5590000.0,forced_dmy,5590000.0
O00808,C0253,2025-06-30,Cancelled,23725000.0,forced_mdy,23725000.0
O00809,C0488,2025-11-03,Processing,13605000.0,ambiguous_assumed_dmy,13605000.0
O00810,C0348,2026-07-29,Completed,21591000.0,forced_mdy,21591000.0
O00811,C0058,2025-07-06,Completed,18654000.0,ambiguous_assumed_dmy,0.0
O00812,C0241,2026-05-23,Processing,3201000.0,iso,3201000.0
O00813,C0345,2025-11-08,Cancelled,21595000.0,ambiguous_assumed_dmy,21595000.0
O00814,C0100,2025-04-22,Processing,41435000.0,forced_dmy,41435000.0
O00815,C0157,2025-11-24,Cancelled,30810000.0,iso,30810000.0
O00816,C0475,2025-08-04,Processing,5930000.0,ambiguous_assumed_dmy,5930000.0
O00817,C0099,2026-10-02,Processing,2331000.0,ambiguous_assumed_dmy,2331000.0
O00818,C0081,2025-11-30,Cancelled,15636000.0,forced_mdy,15636000.0
O00819,C0400,2025-10-03,Completed,6402000.0,ambiguous_assumed_dmy,6402000.0
O00820,C0190,2025-05-29,Completed,14528000.0,forced_mdy,14528000.0
O00821,C0425,2025-11-19,Completed,26513000.0,forced_dmy,26513000.0
O00822,C0391,2026-03-04,Cancelled,861000.0,iso,1291500.0
O00823,C0182,2025-05-24,Completed,6192000.0,iso,6192000.0
O00824,C0107,2025-09-20,Completed,22970000.0,iso,22970000.0
O00825,C0219,2026-01-27,Processing,1472000.0,iso,1472000.0
O00826,C0258,2026-03-27,Pending,13848000.0,iso,13848000.0
O00827,C0083,2025-11-30,Cancelled,19873000.0,forced_mdy,19873000.0
O00828,C0488,2025-02-17,Cancelled,23085000.0,forced_mdy,23085000.0
O00829,C0128,2025-10-14,Cancelled,10218000.0,iso,10218000.0
O00830,C0029,2025-12-17,Completed,2028000.0,forced_dmy,2028000.0
O00831,C0057,2026-04-29,Pending,21738000.0,forced_dmy,21738000.0
O00832,C0212,2025-05-06,Completed,1592000.0,ambiguous_assumed_dmy,1592000.0
O00833,C0288,2025-04-01,Processing,9069000.0,ambiguous_assumed_dmy,9069000.0
O00834,C0280,2025-09-24,Completed,34714000.0,forced_mdy,34714000.0
O00835,C0072,2025-03-11,Completed,19618000.0,ambiguous_assumed_dmy,19618000.0
O00836,C0383,2025-08-08,Completed,25092000.0,ambiguous_assumed_dmy,25092000.0
O00837,C0236,2026-06-01,Processing,1701000.0,ambiguous_assumed_dmy,1701000.0
O00838,C0133,2025-09-19,Pending,14556000.0,iso,14556000.0
O00839,C0329,2026-02-25,Cancelled,10977000.0,forced_dmy,10977000.0
O00840,C0426,2026-06-26,Completed,15080000.0,iso,15080000.0
O00841,C0017,2026-06-01,Cancelled,18719000.0,ambiguous_assumed_dmy,18719000.0
O00842,C0325,2025-10-03,Pending,10632000.0,ambiguous_assumed_dmy,10632000.0
O00843,C0499,2026-07-26,Processing,2004000.0,forced_mdy,2004000.0
O00844,C0294,2026-04-25,Processing,29517000.0,iso,29517000.0
O00845,C0221,2025-11-10,Cancelled,18796000.0,ambiguous_assumed_dmy,18796000.0
O00846,C0334,2025-05-12,Processing,274000.0,ambiguous_assumed_dmy,274000.0
O00847,C0174,2026-04-10,Cancelled,2836000.0,iso,2836000.0
O00848,C0295,2025-10-28,Cancelled,13957000.0,iso,13957000.0
O00849,C0116,2025-11-27,Processing,24288000.0,forced_dmy,24288000.0
O00850,C0300,2025-01-12,Cancelled,19116000.0,ambiguous_assumed_dmy,19116000.0
O00851,C0395,2026-08-12,Processing,19530000.0,iso,19530000.0
O00852,C0106,2025-11-12,Pending,24353000.0,iso,24353000.0
O00853,C0309,2025-02-10,Completed,27149000.0,iso,27149000.0
O00854,C0446,2025-11-19,Processing,22275000.0,iso,22275000.0
O00855,C0084,2026-03-11,Processing,9152000.0,iso,9152000.0
O00856,C0014,2025-05-21,Pending,32215000.0,forced_dmy,32215000.0
O00857,C0228,2025-08-02,Pending,45423000.0,ambiguous_assumed_dmy,45423000.0
O00858,C0205,2025-07-23,Cancelled,16664000.0,forced_mdy,16664000.0
O00859,C0048,2025-06-29,Pending,19491000.0,iso,19491000.0
O00860,C0062,2026-05-16,Completed,884000.0,forced_mdy,884000.0
O00861,C0213,2025-07-15,Pending,16005000.0,forced_mdy,16005000.0
O00862,C0245,2025-09-19,Pending,17204000.0,forced_dmy,17204000.0
O00863,C0004,2026-01-25,Cancelled,7514000.0,iso,7514000.0
O00864,C0185,2025-11-14,Cancelled,39915000.0,forced_mdy,39915000.0
O00865,C0118,2025-03-28,Cancelled,27145000.0,forced_dmy,27145000.0
O00866,C0488,2025-10-09,Completed,31728000.0,iso,31728000.0
O00867,C0434,2025-09-12,Pending,1801000.0,iso,1801000.0
O00868,C0080,2025-05-24,Cancelled,4622000.0,iso,4622000.0
O00869,C0306,2025-08-03,Completed,26755000.0,ambiguous_assumed_dmy,26755000.0
O00870,C0422,2025-06-11,Processing,22181000.0,iso,22181000.0
O00871,C0495,2025-06-05,Processing,31468000.0,ambiguous_assumed_dmy,31468000.0
O00872,C0403,2025-06-16,Cancelled,22232000.0,iso,22232000.0
O00873,C0207,2026-01-18,Completed,814000.0,iso,814000.0
O00874,C0170,2025-01-30,Pending,20413000.0,forced_mdy,20413000.0
O00875,C0468,2026-02-22,Cancelled,18913000.0,forced_mdy,18913000.0
O00876,C0081,2025-04-13,Completed,16831000.0,iso,16831000.0
O00877,C0215,2025-03-09,Cancelled,12903000.0,ambiguous_assumed_dmy,12903000.0
O00878,C0439,2026-04-07,Processing,12404000.0,ambiguous_assumed_dmy,12404000.0
O00879,C0001,2025-11-15,Cancelled,4521000.0,forced_dmy,4521000.0
O00880,C0166,2026-07-07,Pending,16134000.0,ambiguous_assumed_dmy,16134000.0
O00881,C0384,2026-08-08,Processing,11221000.0,iso,11221000.0
O00883,C0368,2026-02-18,Pending,8385000.0,iso,8385000.0
O00884,C0129,2025-07-09,Completed,5220000.0,ambiguous_assumed_dmy,5220000.0
O00885,C0343,2026-08-28,Completed,8615000.0,iso,4307500.0
O00886,C0217,2026-01-19,Processing,14890000.0,forced_mdy,14890000.0
O00887,C0479,2025-05-02,Cancelled,33498000.0,ambiguous_assumed_dmy,33498000.0
O00888,C0407,2025-07-22,Pending,4420000.0,iso,4420000.0
O00889,C0018,2025-09-01,Cancelled,14789000.0,ambiguous_assumed_dmy,14789000.0
O00890,C0293,2026-05-08,Completed,6802000.0,iso,6802000.0
O00891,C0232,2025-08-08,Completed,3866000.0,ambiguous_assumed_dmy,3866000.0
O00892,C0061,2025-10-14,Completed,27418000.0,forced_dmy,27418000.0
O00893,C0131,2025-12-16,Cancelled,14116000.0,forced_mdy,14116000.0
O00894,C0343,2025-12-17,Completed,17106000.0,iso,17106000.0
O00895,C0219,2025-01-27,Processing,26069000.0,iso,26069000.0
O00896,C0500,2026-04-14,Pending,28711000.0,forced_mdy,28711000.0
O00897,C0152,2025-05-10,Completed,13181000.0,ambiguous_assumed_dmy,13181000.0
O00898,C0284,2025-03-26,Processing,25533000.0,forced_dmy,25533000.0
O00899,C0100,2025-05-26,Processing,4264000.0,iso,4264000.0
O00900,C0376,2025-12-29,Processing,7000000.0,forced_mdy,7000000.0
O00901,C0269,2025-02-18,Completed,25521000.0,forced_mdy,25521000.0
O00902,C0356,2026-06-28,Completed,996000.0,iso,996000.0
O00903,C0349,2025-06-19,Processing,25085000.0,forced_mdy,25085000.0
O00904,C0277,2026-03-11,Completed,39715000.0,iso,39715000.0
O00905,C0152,2026-02-04,Cancelled,4180000.0,ambiguous_assumed_dmy,4180000.0
O00906,C0165,2025-05-20,Completed,2704000.0,iso,2704000.0
O00907,C0129,2026-07-24,Completed,28092000.0,iso,28092000.0
O00908,C0031,2026-02-25,Processing,29876000.0,forced_dmy,29876000.0
O00909,C0392,2025-06-09,Processing,14130000.0,ambiguous_assumed_dmy,14130000.0
O00910,C0201,2026-08-29,Processing,19729000.0,forced_dmy,19729000.0
O00911,C0116,2025-10-10,Cancelled,12458000.0,iso,12458000.0
O00912,C0106,2026-03-31,Completed,30382000.0,forced_dmy,30382000.0
O00913,C0327,2025-01-05,Completed,2908000.0,ambiguous_assumed_dmy,0.0
O00914,C0396,2026-05-09,Processing,30200000.0,ambiguous_assumed_dmy,30200000.0
O00915,C0153,2025-05-08,Cancelled,18690000.0,iso,18690000.0
O00916,C0451,2025-12-16,Pending,2384000.0,forced_dmy,2384000.0
O00917,C0058,2026-04-23,Processing,30042000.0,forced_mdy,30042000.0
O00918,C0444,2026-05-14,Processing,2268000.0,forced_mdy,2268000.0
O00919,C0046,2026-09-10,Completed,11036000.0,iso,11036000.0
O00920,C0429,2026-03-19,Pending,19662000.0,forced_mdy,19662000.0
O00921,C0443,2025-10-14,Completed,22966000.0,forced_dmy,22966000.0
O00922,C0215,2025-09-15,Pending,2298000.0,iso,2298000.0
O00923,C0366,2026-05-13,Cancelled,282000.0,iso,282000.0
O00924,C0341,2025-09-30,Cancelled,15974000.0,forced_mdy,15974000.0
O00925,C0311,2026-06-16,Cancelled,13749000.0,iso,13749000.0
O00926,C0303,2025-04-11,Pending,19342000.0,iso,19342000.0
O00927,C0185,2026-08-18,Cancelled,4102000.0,forced_dmy,4102000.0
O00928,C0178,2026-03-27,Pending,34975000.0,forced_dmy,34975000.0
O00929,C0382,2026-03-19,Pending,10453000.0,iso,10453000.0
O00930,C0093,2025-01-25,Completed,25165000.0,iso,25165000.0
O00931,C0472,2026-02-27,Cancelled,30645000.0,forced_dmy,30645000.0
O00932,C0420,2025-12-19,Processing,9909000.0,forced_dmy,9909000.0
O00933,C0402,2025-02-18,Cancelled,3989000.0,forced_mdy,3989000.0
O00934,C0394,2025-06-14,Completed,3872000.0,forced_mdy,3872000.0
O00935,C0386,2025-12-23,Cancelled,4180000.0,iso,4180000.0
O00936,C0181,2026-07-06,Processing,5675000.0,ambiguous_assumed_dmy,5675000.0
O00937,C0052,2025-04-03,Cancelled,20380000.0,ambiguous_assumed_dmy,20380000.0
O00938,C0328,2025-07-10,Processing,24678000.0,ambiguous_assumed_dmy,24678000.0
O00939,C0249,2025-12-26,Cancelled,29782000.0,forced_dmy,29782000.0
O00940,C0492,2025-06-22,Pending,9858000.0,iso,9858000.0
O00941,C0298,2025-11-14,Completed,22704000.0,forced_mdy,22704000.0
O00942,C0204,2025-03-19,Pending,2740000.0,iso,4110000.0
O00943,C0307,2026-02-19,Processing,10526000.0,forced_mdy,10526000.0
O00944,C0273,2025-12-29,Processing,7284000.0,forced_dmy,7284000.0
O00945,C0433,2025-10-28,Pending,18160000.0,forced_dmy,18160000.0
O00946,C0227,2025-11-02,Processing,1192000.0,ambiguous_assumed_dmy,1192000.0
O00947,C0014,2026-05-22,Processing,19298000.0,iso,19298000.0
O00948,C0226,2025-08-10,Pending,27632000.0,ambiguous_assumed_dmy,27632000.0
O00949,C0494,2025-01-22,Cancelled,44033000.0,forced_dmy,44033000.0
O00950,C0285,2026-07-19,Processing,6285000.0,forced_dmy,6285000.0
O00951,C0435,2026-06-16,Cancelled,22225000.0,forced_mdy,22225000.0
O00952,C0383,2025-09-25,Completed,14776000.0,forced_dmy,14776000.0
O00953,C0190,2026-09-01,Completed,12546000.0,ambiguous_assumed_dmy,12546000.0
O00954,C0040,2025-05-18,Processing,18529000.0,forced_mdy,18529000.0
O00955,C0066,2025-09-04,Cancelled,6350000.0,ambiguous_assumed_dmy,6350000.0
O00956,C0054,2026-11-09,Completed,7808000.0,ambiguous_assumed_dmy,7808000.0
O00957,C0239,2025-10-03,Pending,6642000.0,ambiguous_assumed_dmy,6642000.0
O00958,C0225,2026-05-25,Cancelled,7695000.0,iso,7695000.0
O00960,C0445,2025-06-01,Completed,18486000.0,iso,22183200.0
O00961,C0292,2025-09-16,Pending,12092000.0,forced_mdy,12092000.0
O00962,C0252,2026-03-18,Processing,12295000.0,forced_dmy,12295000.0
O00963,C0339,2026-04-08,Completed,6992000.0,ambiguous_assumed_dmy,6992000.0
O00964,C0292,2026-05-06,Processing,53263000.0,ambiguous_assumed_dmy,53263000.0
O00965,C0301,2025-11-19,Pending,15018000.0,forced_mdy,15018000.0
O00966,C0301,2025-03-05,Pending,10701000.0,ambiguous_assumed_dmy,10701000.0
O00967,C0374,2025-06-15,Processing,39580000.0,iso,39580000.0
O00968,C0397,2025-03-07,Pending,15680000.0,ambiguous_assumed_dmy,15680000.0
O00969,C0374,2025-05-03,Pending,12804000.0,iso,12804000.0
O00970,C0294,2026-01-02,Cancelled,24821000.0,ambiguous_assumed_dmy,24821000.0
O00971,C0071,2025-12-18,Pending,7460000.0,forced_dmy,7460000.0
O00972,C0091,2026-03-17,Cancelled,28166000.0,iso,28166000.0
O00973,C0134,2026-02-16,Processing,14265000.0,forced_dmy,14265000.0
O00974,C0325,2025-03-25,Cancelled,21370000.0,iso,21370000.0
O00975,C0011,2026-09-13,Pending,6864000.0,forced_mdy,6864000.0
O00976,C0049,2025-06-22,Pending,6642000.0,iso,6642000.0
O00977,C0197,2025-11-10,Completed,1552000.0,iso,1552000.0
O00978,C0097,2026-05-26,Processing,13465000.0,forced_dmy,13465000.0
O00979,C0447,2025-08-06,Completed,23494000.0,ambiguous_assumed_dmy,23494000.0
O00980,C0457,2026-03-28,Processing,3980000.0,forced_mdy,3980000.0
O00981,C0417,2026-01-04,Pending,10257000.0,ambiguous_assumed_dmy,10257000.0
O00982,C0414,2025-11-16,Pending,441000.0,forced_dmy,441000.0
O00983,C0093,2026-08-28,Processing,1039000.0,iso,1039000.0
O00984,C0099,2026-09-10,Completed,17288000.0,ambiguous_assumed_dmy,17288000.0
O00985,C0402,2026-04-04,Pending,48685000.0,ambiguous_assumed_dmy,48685000.0
O00986,C0188,2025-05-25,Cancelled,22216000.0,iso,22216000.0
O00987,C0022,2026-02-01,Cancelled,24432000.0,ambiguous_assumed_dmy,24432000.0
O00988,C0435,2026-06-17,Completed,18831000.0,forced_mdy,18831000.0
O00989,C0388,2026-07-14,Processing,25416000.0,forced_dmy,25416000.0
O00990,C0070,2026-04-04,Completed,2459000.0,ambiguous_assumed_dmy,2459000.0
O00991,C0207,2026-03-22,Pending,39817000.0,forced_dmy,39817000.0
O00992,C0252,2025-04-17,Cancelled,13624000.0,forced_mdy,13624000.0
O00993,C0157,2026-05-25,Pending,7318000.0,forced_mdy,7318000.0
O00994,C0097,2025-02-04,Processing,26871000.0,ambiguous_assumed_dmy,26871000.0
O00995,C0379,2025-02-19,Pending,40996000.0,iso,32796800.0
O00996,C0198,2025-12-07,Pending,15939000.0,ambiguous_assumed_dmy,15939000.0
O00997,C0379,2026-05-06,Processing,10685000.0,ambiguous_assumed_dmy,10685000.0
O00998,C0349,2025-02-15,Pending,4716000.0,forced_dmy,4716000.0
O00999,C0457,2025-08-15,Completed,19384000.0,iso,19384000.0
O01000,C0254,2025-07-31,Pending,8091000.0,iso,8091000.0
O01001,C0106,2025-04-30,Pending,8584000.0,iso,8584000.0
O01002,C0417,2025-12-05,Cancelled,15616000.0,iso,15616000.0
O01003,C0470,2026-02-16,Processing,7000000.0,iso,7000000.0
O01004,C0127,2025-09-22,Completed,13975000.0,iso,13975000.0
O01005,C0210,2025-01-11,Cancelled,11059000.0,ambiguous_assumed_dmy,11059000.0
O01006,C0432,2025-07-14,Completed,19820000.0,forced_mdy,19820000.0
O01007,C0321,2026-02-09,Cancelled,6476000.0,iso,6476000.0
O01008,C0037,2025-04-28,Processing,12452000.0,forced_dmy,12452000.0
O01009,C0094,2026-04-07,Processing,10020000.0,ambiguous_assumed_dmy,10020000.0
O01010,C0490,2026-02-12,Completed,13717000.0,ambiguous_assumed_dmy,13717000.0
O01011,C0056,2025-05-03,Processing,3201000.0,iso,3201000.0
O01012,C0434,2026-05-25,Processing,25386000.0,forced_mdy,25386000.0
O01013,C0241,2026-05-06,Pending,0.0,iso,0.0
O01014,C0427,2026-02-02,Pending,9767000.0,ambiguous_assumed_dmy,9767000.0
O01015,C0124,2026-03-23,Completed,141000.0,forced_dmy,141000.0
O01016,C0227,2026-09-04,Processing,15711000.0,iso,15711000.0
O01017,C0163,2025-02-14,Pending,6496000.0,iso,6496000.0
O01018,C0441,2025-09-14,Completed,14572000.0,forced_dmy,14572000.0
O01019,C0462,2025-02-27,Cancelled,23174000.0,iso,23174000.0
O01020,C0259,2025-07-03,Processing,11419000.0,ambiguous_assumed_dmy,11419000.0
O01021,C0172,2026-03-26,Cancelled,5636000.0,iso,5636000.0
O01022,C0309,2026-06-26,Processing,9086000.0,iso,9086000.0
O01023,C0494,2025-11-22,Pending,30592000.0,forced_mdy,30592000.0
O01024,C0210,2026-06-15,Pending,19866000.0,forced_mdy,34550000.0
O01025,C0087,2025-11-26,Pending,21903000.0,iso,21903000.0
O01026,C0351,2025-08-28,Cancelled,14449000.0,iso,14449000.0
O01027,C0417,2026-02-01,Pending,7616000.0,iso,7616000.0
O01028,C0019,2026-08-01,Pending,10644000.0,iso,10644000.0
O01029,C0422,2026-05-03,Cancelled,19820000.0,ambiguous_assumed_dmy,19820000.0
O01031,C0177,2026-04-11,Processing,28305000.0,ambiguous_assumed_dmy,28305000.0
O01032,C0451,2026-01-04,Processing,27761000.0,ambiguous_assumed_dmy,27761000.0
O01033,C0375,2025-06-28,Completed,13162000.0,iso,13162000.0
O01034,C0379,2025-01-22,Completed,22275000.0,iso,22275000.0
O01035,C0236,2026-02-25,Processing,33107000.0,forced_dmy,33107000.0
O01036,C0431,2025-12-28,Cancelled,6151000.0,forced_dmy,6151000.0
O01037,C0236,2026-04-09,Cancelled,22955000.0,ambiguous_assumed_dmy,22955000.0
O01038,C0173,2025-11-30,Cancelled,9797000.0,iso,9797000.0
O01039,C0126,2025-11-08,Processing,12423000.0,ambiguous_assumed_dmy,12423000.0
O01040,C0486,2026-01-08,Cancelled,9438000.0,ambiguous_assumed_dmy,9438000.0
O01041,C0110,2026-02-07,Cancelled,7207000.0,iso,7207000.0
O01042,C0154,2026-02-27,Processing,10030000.0,iso,10030000.0
O01043,C0283,2025-10-06,Cancelled,12941000.0,ambiguous_assumed_dmy,12941000.0
O01044,C0093,2026-03-30,Processing,31525000.0,forced_dmy,31525000.0
O01045,C0342,2025-06-26,Processing,5730000.0,forced_mdy,5730000.0
O01046,C0295,2025-07-22,Cancelled,8884000.0,forced_dmy,8884000.0
O01047,C0126,2025-05-14,Completed,11884000.0,forced_mdy,11884000.0
O01048,C0347,2025-04-10,Pending,407000.0,iso,407000.0
O01049,C0472,2025-02-24,Pending,12851000.0,forced_dmy,12851000.0
O01050,C0104,2025-06-04,Completed,3870000.0,iso,3870000.0
O01051,C0320,2025-11-20,Cancelled,38681000.0,forced_dmy,38681000.0
O01052,C0361,2025-06-29,Completed,36772000.0,iso,36772000.0
O01053,C0462,2025-06-05,Cancelled,13535000.0,iso,13535000.0
O01054,C0082,2026-07-30,Cancelled,39277000.0,forced_mdy,39277000.0
O01055,C0354,2025-09-13,Processing,13443000.0,forced_dmy,13443000.0
O01056,C0387,2025-02-10,Cancelled,12195000.0,ambiguous_assumed_dmy,12195000.0
O01057,C0245,2025-06-24,Completed,25360000.0,forced_dmy,25360000.0
O01058,C0230,2025-01-21,Completed,2896000.0,forced_dmy,2896000.0
O01059,C0454,2026-01-14,Processing,34047000.0,iso,34047000.0
O01060,C0154,2026-08-02,Pending,22902000.0,ambiguous_assumed_dmy,11451000.0
O01061,C0493,2025-11-25,Pending,18816000.0,forced_dmy,18816000.0
O01062,C0410,2026-05-22,Cancelled,1592000.0,iso,1592000.0
O01063,C0436,2025-09-16,Completed,27100000.0,forced_mdy,27100000.0
O01064,C0251,2025-11-23,Pending,7576000.0,forced_mdy,7576000.0
O01065,C0359,2025-11-10,Cancelled,22665000.0,ambiguous_assumed_dmy,22665000.0
O01066,C0021,2025-07-10,Cancelled,19755000.0,ambiguous_assumed_dmy,19755000.0
O01067,C0171,2026-07-19,Processing,22050000.0,forced_mdy,22050000.0
O01068,C0377,2026-08-11,Completed,43744000.0,ambiguous_assumed_dmy,43744000.0
O01069,C0464,2026-04-27,Cancelled,40737000.0,iso,40737000.0
O01070,C0357,2026-01-20,Completed,14465000.0,forced_mdy,14465000.0
O01072,C0283,2025-07-17,Completed,15314000.0,forced_dmy,15314000.0
O01073,C0468,2026-06-04,Pending,20699000.0,ambiguous_assumed_dmy,20699000.0
O01074,C0442,2026-06-06,Pending,26102000.0,iso,31322400.0
O01075,C0125,2025-03-18,Completed,12068000.0,iso,12068000.0
O01076,C0293,2025-08-31,Pending,4552000.0,iso,4552000.0
O01077,C0007,2025-12-16,Pending,11364000.0,iso,11364000.0
O01078,C0321,2026-04-17,Completed,20543000.0,forced_mdy,20543000.0
O01079,C0314,2025-05-05,Processing,1328000.0,iso,1328000.0
O01080,C0475,2025-03-25,Pending,34107000.0,forced_mdy,34107000.0
O01081,C0002,2026-03-20,Processing,9507000.0,iso,9507000.0
O01082,C0368,2025-03-23,Completed,5056000.0,forced_mdy,5056000.0
O01083,C0244,2025-07-22,Cancelled,17467000.0,forced_mdy,17467000.0
O01084,C0241,2025-10-22,Pending,21102000.0,forced_dmy,21102000.0
O01085,C0260,2025-01-07,Processing,12564000.0,iso,12564000.0
O01086,C0074,2026-10-07,Processing,21390000.0,ambiguous_assumed_dmy,21390000.0
O01087,C0360,2025-03-19,Processing,12696000.0,forced_dmy,12696000.0
O01088,C0084,2026-09-02,Completed,28048000.0,ambiguous_assumed_dmy,28048000.0
O01089,C0260,2025-10-20,Cancelled,20578000.0,forced_dmy,20578000.0
O01090,C0377,2025-04-09,Pending,88000.0,ambiguous_assumed_dmy,88000.0
O01092,C0253,2025-12-19,Pending,4190000.0,forced_mdy,4190000.0
O01093,C0041,2026-04-02,Pending,2268000.0,ambiguous_assumed_dmy,2268000.0
O01094,C0395,2026-06-01,Pending,14636000.0,ambiguous_assumed_dmy,14636000.0
O01095,C0373,2025-11-23,Completed,21030000.0,forced_mdy,21030000.0
O01096,C0190,2026-05-27,Cancelled,25197000.0,forced_dmy,25197000.0
O01097,C0117,2026-08-25,Pending,1418000.0,forced_mdy,11102000.0
O01098,C0210,2026-04-22,Completed,11240000.0,forced_dmy,11240000.0
O01099,C0445,2026-04-21,Processing,30827000.0,iso,30827000.0
O01100,C0385,2026-01-30,Pending,36699000.0,iso,36699000.0
O01101,C0196,2025-06-02,Completed,30875000.0,iso,30875000.0
O01102,C0406,2025-06-26,Processing,6412000.0,iso,6412000.0
O01103,C0009,2026-02-05,Processing,20153000.0,ambiguous_assumed_dmy,20153000.0
O01104,C0102,2025-01-23,Cancelled,21834000.0,iso,21834000.0
O01105,C0425,2026-07-17,Processing,45845000.0,iso,45845000.0
O01106,C0311,2026-05-27,Cancelled,3067000.0,iso,3067000.0
O01107,C0497,2025-03-03,Pending,37560000.0,iso,37560000.0
O01108,C0362,2026-05-04,Completed,14740000.0,iso,14740000.0
O01109,C0266,2026-05-22,Cancelled,18655000.0,forced_dmy,18655000.0
O01110,C0490,2025-11-12,Processing,40944000.0,ambiguous_assumed_dmy,40944000.0
O01112,C0272,2025-10-16,Completed,27260000.0,forced_mdy,27260000.0
O01113,C0190,2026-08-02,Pending,5840000.0,iso,4672000.0
O01114,C0190,2026-03-04,Processing,16254000.0,ambiguous_assumed_dmy,16254000.0
O01115,C0120,2025-11-17,Cancelled,10472000.0,forced_dmy,10472000.0
O01116,C0296,2025-12-06,Processing,19931000.0,iso,19931000.0
O01117,C0401,2026-08-10,Processing,9975000.0,iso,9975000.0
O01118,C0289,2026-04-27,Completed,18227000.0,forced_mdy,18227000.0
O01119,C0197,2025-06-01,Completed,17761000.0,iso,17761000.0
O01120,C0237,2026-09-10,Completed,3014000.0,iso,3014000.0
O01121,C0200,2025-07-17,Processing,12875000.0,forced_dmy,12875000.0
O01122,C0243,2025-09-10,Pending,16605000.0,ambiguous_assumed_dmy,16605000.0
O01123,C0423,2026-05-10,Processing,1340000.0,ambiguous_assumed_dmy,1340000.0
O01124,C0249,2025-11-18,Processing,13365000.0,forced_mdy,13365000.0
O01125,C0491,2026-09-04,Pending,10624000.0,ambiguous_assumed_dmy,10624000.0
O01126,C0032,2025-07-19,Completed,12875000.0,iso,12875000.0
O01127,C0217,2025-01-12,Completed,13092000.0,iso,13092000.0
O01128,C0152,2025-01-26,Cancelled,11321000.0,iso,11321000.0
O01129,C0239,2025-01-06,Cancelled,13303000.0,ambiguous_assumed_dmy,13303000.0
O01130,C0305,2026-03-31,Pending,5262000.0,forced_dmy,5262000.0
O01131,C0142,2025-07-22,Cancelled,28428000.0,forced_dmy,28428000.0
O01132,C0301,2025-05-12,Pending,5590000.0,iso,5590000.0
O01133,C0445,2025-12-01,Cancelled,5158000.0,ambiguous_assumed_dmy,5158000.0
O01134,C0162,2026-01-20,Pending,4552000.0,forced_mdy,4552000.0
O01135,C0331,2025-11-28,Processing,18200000.0,forced_dmy,27300000.0
O01136,C0429,2025-02-05,Completed,3939000.0,ambiguous_assumed_dmy,3939000.0
O01137,C0453,2026-06-08,Processing,28906000.0,ambiguous_assumed_dmy,28906000.0
O01138,C0475,2025-03-11,Processing,8820000.0,iso,8820000.0
O01139,C0084,2025-08-29,Completed,5891000.0,forced_dmy,5891000.0
O01140,C0042,2026-02-27,Pending,14480000.0,forced_dmy,14480000.0
O01141,C0280,2025-05-03,Cancelled,17502000.0,ambiguous_assumed_dmy,17502000.0
O01142,C0356,2025-06-08,Pending,30312000.0,iso,30312000.0
O01143,C0082,2025-04-29,Processing,4488000.0,iso,4488000.0
O01144,C0331,2026-07-26,Pending,3568000.0,forced_mdy,3568000.0
O01145,C0116,2026-05-06,Pending,12378000.0,iso,12378000.0
O01146,C0487,2025-06-06,Completed,3492000.0,ambiguous_assumed_dmy,3492000.0
O01147,C0388,2026-02-10,Completed,3496000.0,ambiguous_assumed_dmy,3496000.0
O01148,C0343,2026-03-01,Pending,4521000.0,iso,4521000.0
O01149,C0302,2025-06-02,Processing,13545000.0,ambiguous_assumed_dmy,13545000.0
O01150,C0004,2025-12-24,Pending,2078000.0,forced_mdy,2078000.0
O01151,C0261,2025-06-18,Processing,11866000.0,iso,11866000.0
O01152,C0004,2025-10-16,Completed,3911000.0,forced_mdy,3911000.0
O01153,C0082,2025-07-26,Completed,13141000.0,forced_dmy,13141000.0
O01154,C0168,2025-09-24,Pending,5280000.0,forced_mdy,5280000.0
O01155,C0232,2025-01-30,Cancelled,13092000.0,iso,13092000.0
O01156,C0058,2025-12-02,Pending,10588000.0,ambiguous_assumed_dmy,10588000.0
O01157,C0103,2026-07-08,Completed,19612000.0,ambiguous_assumed_dmy,19612000.0
O01158,C0454,2026-08-31,Completed,8247000.0,forced_dmy,8247000.0
O01159,C0332,2025-08-24,Completed,705000.0,iso,705000.0
O01160,C0159,2025-01-13,Processing,12940000.0,forced_dmy,12940000.0
O01161,C0256,2026-02-02,Completed,7000000.0,ambiguous_assumed_dmy,7000000.0
O01162,C0309,2025-06-19,Cancelled,264000.0,forced_mdy,264000.0
O01163,C0408,2025-09-12,Pending,34664000.0,iso,34664000.0
O01164,C0318,2025-02-21,Completed,9361000.0,iso,9361000.0
O01165,C0228,2026-01-26,Processing,23666000.0,iso,23666000.0
O01166,C0189,2025-08-09,Processing,19948000.0,ambiguous_assumed_dmy,19948000.0
O01167,C0449,2026-01-17,Completed,42470000.0,forced_dmy,42470000.0
O01168,C0153,2025-02-05,Completed,8884000.0,iso,8884000.0
O01169,C0234,2025-07-29,Pending,10512000.0,forced_dmy,10512000.0
O01170,C0008,2025-04-26,Processing,15000000.0,forced_dmy,15000000.0
O01171,C0356,2026-07-25,Completed,34285000.0,iso,34285000.0
O01172,C0033,2025-06-06,Pending,4182000.0,ambiguous_assumed_dmy,4182000.0
O01173,C0194,2025-01-31,Cancelled,27596000.0,forced_dmy,27596000.0
O01174,C0212,2025-06-29,Pending,14618000.0,forced_mdy,14618000.0
O01175,C0492,2025-10-15,Completed,14124000.0,forced_mdy,14124000.0
O01176,C0104,2025-10-01,Completed,21117000.0,iso,21117000.0
O01177,C0354,2026-04-04,Pending,4068000.0,ambiguous_assumed_dmy,4068000.0
O01178,C0287,2026-05-16,Pending,26083000.0,forced_dmy,26083000.0
O01179,C0046,2026-09-05,Cancelled,7713000.0,ambiguous_assumed_dmy,7713000.0
O01180,C0192,2026-01-16,Processing,18579000.0,forced_dmy,18579000.0
O01181,C0328,2025-12-22,Processing,2835000.0,forced_mdy,2835000.0
O01182,C0191,2026-04-24,Completed,14076000.0,iso,14076000.0
O01183,C0346,2026-07-10,Completed,3602000.0,ambiguous_assumed_dmy,3602000.0
O01184,C0309,2025-09-17,Completed,985000.0,forced_dmy,985000.0
O01185,C0231,2026-07-07,Processing,25344000.0,iso,25344000.0
O01186,C0260,2025-05-29,Completed,11341000.0,forced_mdy,11341000.0
O01187,C0436,2026-11-08,Processing,19572000.0,ambiguous_assumed_dmy,19572000.0
O01188,C0042,2026-06-03,Pending,25452000.0,ambiguous_assumed_dmy,25452000.0
O01189,C0295,2025-05-01,Processing,8526000.0,ambiguous_assumed_dmy,14216000.0
O01190,C0351,2025-12-09,Pending,32294000.0,ambiguous_assumed_dmy,32294000.0
O01191,C0429,2026-01-18,Cancelled,16945000.0,forced_mdy,16945000.0
O01192,C0113,2026-08-14,Cancelled,35773000.0,forced_mdy,35773000.0
O01193,C0116,2026-10-04,Processing,12305000.0,ambiguous_assumed_dmy,12305000.0
O01194,C0458,2026-06-01,Cancelled,2795000.0,iso,2795000.0
O01195,C0356,2025-11-10,Cancelled,14396000.0,ambiguous_assumed_dmy,14396000.0
O01196,C0278,2025-04-09,Pending,16412000.0,iso,16412000.0
O01197,C0152,2025-04-05,Processing,3496000.0,ambiguous_assumed_dmy,3496000.0
O01198,C0035,2025-09-17,Pending,23165000.0,forced_dmy,23165000.0
O01199,C0339,2026-02-17,Completed,21911000.0,forced_dmy,21911000.0
O01200,C0192,2025-02-08,Cancelled,35388000.0,ambiguous_assumed_dmy,35388000.0
O01201,C0326,2026-08-31,Cancelled,1443000.0,iso,1443000.0
O01202,C0164,2025-12-26,Completed,11738000.0,forced_mdy,11738000.0
O01203,C0441,2026-01-28,Pending,1326000.0,forced_dmy,1326000.0
O01204,C0301,2025-12-26,Cancelled,1138000.0,iso,1138000.0
O01205,C0020,2026-05-15,Cancelled,19557000.0,forced_dmy,19557000.0
O01206,C0043,2025-09-09,Pending,2140000.0,ambiguous_assumed_dmy,2140000.0
O01207,C0384,2025-12-12,Cancelled,6715000.0,iso,6715000.0
O01208,C0159,2026-07-20,Cancelled,1216000.0,iso,1216000.0
O01209,C0049,2025-11-01,Processing,26622000.0,ambiguous_assumed_dmy,26622000.0
O01210,C0400,2025-01-29,Cancelled,25495000.0,iso,25495000.0
O01211,C0238,2025-09-10,Cancelled,9748000.0,ambiguous_assumed_dmy,9748000.0
O01212,C0130,2026-08-23,Cancelled,18940000.0,iso,18940000.0
O01213,C0151,2025-06-16,Completed,12922000.0,forced_mdy,12922000.0
O01214,C0219,2025-04-23,Processing,352000.0,iso,352000.0
O01215,C0247,2026-05-13,Pending,6779000.0,forced_dmy,6779000.0
O01216,C0414,2025-06-30,Pending,8655000.0,forced_dmy,8655000.0
O01217,C0115,2025-12-15,Cancelled,16095000.0,iso,16095000.0
O01218,C0414,2025-04-29,Processing,11068000.0,iso,11068000.0
O01219,C0380,2026-09-12,Pending,24137000.0,ambiguous_assumed_dmy,24137000.0
O01220,C0188,2026-03-17,Completed,36289000.0,forced_mdy,36289000.0
O01221,C0215,2026-05-01,Completed,2394000.0,ambiguous_assumed_dmy,2394000.0
O01222,C0035,2025-08-03,Completed,37147000.0,ambiguous_assumed_dmy,37147000.0
O01223,C0244,2026-02-15,Processing,10129000.0,iso,10129000.0
O01224,C0013,2025-06-15,Processing,5244000.0,forced_mdy,5244000.0
O01225,C0229,2026-07-14,Completed,6366000.0,forced_dmy,6366000.0
O01226,C0498,2025-07-09,Cancelled,11180000.0,iso,11180000.0
O01227,C0119,2025-07-27,Completed,975000.0,iso,975000.0
O01228,C0006,2026-01-16,Pending,51691000.0,iso,51691000.0
O01229,C0341,2025-09-30,Pending,5244000.0,forced_dmy,5244000.0
O01230,C0164,2025-09-07,Processing,17653000.0,iso,17653000.0
O01231,C0244,2026-05-05,Processing,23015000.0,iso,23015000.0
O01232,C0199,2026-07-21,Pending,10058000.0,iso,10058000.0
O01233,C0066,2026-06-07,Pending,20641000.0,ambiguous_assumed_dmy,20641000.0
O01234,C0038,2026-03-08,Processing,37307000.0,ambiguous_assumed_dmy,37307000.0
O01235,C0430,2026-01-06,Completed,2078000.0,ambiguous_assumed_dmy,2078000.0
O01236,C0386,2026-03-19,Completed,11139000.0,forced_dmy,8911200.0
O01237,C0099,2026-01-18,Cancelled,7564000.0,forced_mdy,7564000.0
O01238,C0384,2025-11-05,Cancelled,24049000.0,ambiguous_assumed_dmy,24049000.0
O01239,C0124,2026-09-06,Completed,3728000.0,ambiguous_assumed_dmy,3728000.0
O01240,C0222,2026-09-07,Cancelled,10416000.0,iso,10416000.0
O01241,C0361,2025-05-30,Pending,16329000.0,forced_dmy,16329000.0
O01242,C0202,2025-10-15,Completed,12284000.0,forced_dmy,12284000.0
O01243,C0471,2025-11-12,Cancelled,3104000.0,ambiguous_assumed_dmy,3104000.0
O01244,C0241,2025-12-12,Cancelled,26441000.0,ambiguous_assumed_dmy,26441000.0
O01245,C0129,2025-02-10,Completed,17768000.0,ambiguous_assumed_dmy,17768000.0
O01246,C0161,2025-11-28,Processing,37474000.0,forced_dmy,37474000.0
O01247,C0099,2025-12-10,Cancelled,1978000.0,ambiguous_assumed_dmy,1978000.0
O01248,C0307,2026-11-03,Processing,40875000.0,ambiguous_assumed_dmy,40875000.0
O01249,C0411,2025-10-30,Completed,26662000.0,forced_mdy,26662000.0
O01250,C0105,2026-04-19,Processing,5844000.0,iso,5844000.0
O01251,C0371,2025-10-26,Processing,32019000.0,iso,32019000.0
O01252,C0405,2025-12-12,Cancelled,34134000.0,ambiguous_assumed_dmy,34134000.0
O01253,C0201,2026-11-05,Completed,17640000.0,ambiguous_assumed_dmy,17640000.0
O01254,C0276,2025-12-16,Completed,23107000.0,forced_mdy,23107000.0
O01255,C0130,2025-05-08,Cancelled,26630000.0,iso,26630000.0
O01256,C0097,2025-09-18,Cancelled,29460000.0,forced_mdy,29460000.0
O01257,C0262,2026-08-05,Processing,4212000.0,ambiguous_assumed_dmy,4212000.0
O01258,C0219,2026-05-17,Pending,17555000.0,forced_dmy,17555000.0
O01259,C0199,2025-11-17,Processing,3728000.0,iso,3728000.0
O01260,C0186,2025-02-25,Pending,22080000.0,forced_dmy,22080000.0
O01261,C0281,2026-07-03,Processing,1596000.0,iso,1596000.0
O01262,C0352,2026-10-03,Pending,17319000.0,ambiguous_assumed_dmy,17319000.0
O01263,C0031,2025-11-01,Completed,7127000.0,ambiguous_assumed_dmy,7127000.0
O01264,C0146,2026-03-17,Processing,7594000.0,iso,13184000.0
O01265,C0310,2026-08-08,Completed,26061000.0,iso,26061000.0
O01266,C0012,2026-07-21,Completed,24915000.0,iso,24915000.0
O01267,C0413,2026-01-28,Pending,5454000.0,iso,5454000.0
O01268,C0293,2025-10-04,Pending,31146000.0,iso,31146000.0
O01269,C0433,2026-02-21,Processing,40727000.0,forced_dmy,40727000.0
O01270,C0085,2025-06-27,Completed,33083000.0,iso,33083000.0
O01271,C0123,2025-11-12,Cancelled,4521000.0,ambiguous_assumed_dmy,4521000.0
O01272,C0119,2025-04-13,Cancelled,15698000.0,forced_mdy,15698000.0
O01273,C0227,2025-03-06,Cancelled,7286000.0,ambiguous_assumed_dmy,7286000.0
O01274,C0012,2026-09-07,Processing,28025000.0,ambiguous_assumed_dmy,28025000.0
O01275,C0224,2026-06-21,Completed,13729000.0,iso,13729000.0
O01276,C0260,2026-02-02,Processing,2384000.0,ambiguous_assumed_dmy,2384000.0
O01277,C0361,2025-03-21,Cancelled,31044000.0,iso,31044000.0
O01278,C0107,2025-08-12,Completed,3251000.0,ambiguous_assumed_dmy,3251000.0
O01279,C0128,2025-10-25,Cancelled,10457000.0,forced_mdy,10457000.0
O01280,C0492,2025-01-25,Processing,5942000.0,forced_mdy,5942000.0
O01281,C0034,2026-04-09,Pending,52812000.0,ambiguous_assumed_dmy,52812000.0
O01282,C0177,2026-01-04,Pending,1425000.0,ambiguous_assumed_dmy,1425000.0
O01283,C0371,2026-04-02,Pending,29900000.0,ambiguous_assumed_dmy,29900000.0
O01284,C0179,2025-08-23,Completed,5382000.0,forced_dmy,5382000.0
O01285,C0081,2025-06-22,Processing,15566000.0,iso,15566000.0
O01286,C0187,2025-02-19,Pending,13092000.0,forced_mdy,13092000.0
O01287,C0048,2026-07-21,Completed,12875000.0,iso,12875000.0
O01288,C0232,2025-06-02,Processing,13535000.0,ambiguous_assumed_dmy,13535000.0
O01289,C0446,2025-07-10,Cancelled,33132000.0,ambiguous_assumed_dmy,33132000.0
O01290,C0267,2025-10-03,Pending,2836000.0,ambiguous_assumed_dmy,2836000.0
O01291,C0294,2025-06-30,Cancelled,5840000.0,forced_dmy,5840000.0
O01292,C0121,2025-01-18,Pending,2095000.0,iso,2095000.0
O01293,C0138,2025-07-03,Pending,8828000.0,ambiguous_assumed_dmy,8828000.0
O01294,C0390,2026-01-13,Processing,28257000.0,iso,28257000.0
O01295,C0478,2025-07-11,Pending,36871000.0,ambiguous_assumed_dmy,36871000.0
O01296,C0393,2025-06-10,Pending,17508000.0,ambiguous_assumed_dmy,17508000.0
O01297,C0459,2025-02-28,Processing,20367000.0,iso,20367000.0
O01298,C0241,2025-09-06,Processing,7612000.0,ambiguous_assumed_dmy,7612000.0
O01299,C0294,2025-10-13,Processing,15363000.0,forced_dmy,15363000.0
O01300,C0364,2025-04-23,Processing,22626000.0,iso,22626000.0
O01301,C0311,2025-02-13,Cancelled,27409000.0,iso,27409000.0
O01302,C0148,2026-04-17,Cancelled,6864000.0,forced_mdy,6864000.0
O01303,C0282,2026-09-07,Cancelled,36913000.0,ambiguous_assumed_dmy,36913000.0
O01304,C0493,2026-06-17,Cancelled,22210000.0,forced_dmy,22210000.0
O01305,C0086,2026-05-31,Processing,12090000.0,iso,12090000.0
O01306,C0038,2026-09-07,Completed,14387000.0,iso,14387000.0
O01307,C0196,2026-01-20,Completed,30729000.0,iso,30729000.0
O01308,C0250,2025-07-23,Processing,4661000.0,forced_dmy,4661000.0
O01309,C0385,2025-05-31,Processing,34326000.0,forced_mdy,34326000.0
O01310,C0203,2025-09-08,Pending,3129000.0,iso,3129000.0
O01311,C0130,2026-05-14,Cancelled,1878000.0,forced_mdy,7089600.0
O01312,C0191,2025-07-29,Processing,7548000.0,forced_dmy,7548000.0
O01313,C0126,2025-05-30,Pending,31084000.0,forced_dmy,31084000.0
O01314,C0028,2025-12-25,Cancelled,30555000.0,forced_mdy,30555000.0
O01315,C0040,2026-05-09,Completed,25170000.0,ambiguous_assumed_dmy,0.0
O01316,C0021,2026-05-06,Completed,23167000.0,ambiguous_assumed_dmy,23167000.0
O01317,C0159,2026-06-03,Pending,27090000.0,iso,27090000.0
O01318,C0382,2026-07-30,Pending,17392000.0,iso,17392000.0
O01319,C0112,2026-06-18,Pending,11559000.0,forced_dmy,11559000.0
O01320,C0172,2026-04-17,Completed,35150000.0,forced_dmy,35150000.0
O01321,C0027,2026-06-14,Pending,27690000.0,forced_dmy,27690000.0
O01322,C0222,2026-06-11,Pending,20809000.0,iso,20809000.0
O01323,C0170,2026-03-27,Completed,1035000.0,iso,1035000.0
O01324,C0391,2025-07-21,Cancelled,10403000.0,forced_dmy,10403000.0
O01325,C0113,2025-02-12,Completed,1746000.0,iso,1746000.0
O01326,C0100,2026-03-05,Processing,19530000.0,ambiguous_assumed_dmy,19530000.0
O01327,C0219,2026-07-15,Completed,9897000.0,iso,9897000.0
O01328,C0034,2025-06-17,Completed,8562000.0,forced_mdy,8562000.0
O01329,C0403,2025-03-09,Cancelled,37770000.0,iso,37770000.0
O01330,C0059,2025-03-23,Cancelled,7540000.0,forced_dmy,7540000.0
O01331,C0436,2026-04-26,Completed,24404000.0,forced_mdy,24404000.0
O01332,C0270,2025-09-06,Completed,3956000.0,ambiguous_assumed_dmy,3956000.0
O01333,C0116,2025-01-23,Cancelled,36352000.0,forced_dmy,36352000.0
O01334,C0482,2026-06-06,Cancelled,15000000.0,ambiguous_assumed_dmy,15000000.0
O01335,C0027,2026-08-29,Completed,13953000.0,iso,13953000.0
O01336,C0285,2025-08-17,Processing,33239000.0,forced_dmy,33239000.0
O01337,C0475,2025-04-11,Completed,9382000.0,ambiguous_assumed_dmy,4691000.0
O01338,C0215,2026-08-04,Completed,11464000.0,iso,11464000.0
O01339,C0084,2026-05-08,Pending,42455000.0,ambiguous_assumed_dmy,42455000.0
O01340,C0224,2026-02-20,Processing,17661000.0,forced_dmy,14128800.0
O01341,C0016,2025-12-08,Pending,14162000.0,ambiguous_assumed_dmy,14162000.0
O01342,C0250,2026-05-19,Processing,9830000.0,forced_dmy,9830000.0
O01343,C0435,2025-08-29,Processing,3602000.0,forced_mdy,3602000.0
O01344,C0173,2025-06-13,Completed,27726000.0,forced_mdy,27726000.0
O01345,C0437,2025-03-26,Pending,25507000.0,iso,25507000.0
O01346,C0005,2025-06-03,Cancelled,14526000.0,ambiguous_assumed_dmy,14526000.0
O01347,C0479,2025-06-05,Pending,12387000.0,ambiguous_assumed_dmy,12387000.0
O01348,C0017,2025-05-17,Completed,21243000.0,forced_mdy,31864500.0
O01349,C0342,2026-08-09,Pending,24210000.0,iso,24210000.0
O01350,C0170,2025-04-13,Pending,798000.0,iso,798000.0
O01351,C0001,2025-07-16,Cancelled,13284000.0,forced_dmy,13284000.0
O01352,C0137,2026-08-31,Pending,21872000.0,forced_mdy,21872000.0
O01353,C0071,2025-03-08,Completed,1472000.0,iso,1472000.0
O01354,C0255,2025-08-18,Completed,2196000.0,iso,2196000.0
O01355,C0437,2025-12-13,Processing,8736000.0,forced_mdy,8736000.0
O01356,C0415,2026-04-09,Completed,34408000.0,ambiguous_assumed_dmy,34408000.0
O01357,C0215,2025-08-29,Completed,3671000.0,iso,3671000.0
O01358,C0237,2025-06-02,Processing,33194000.0,iso,33194000.0
O01359,C0031,2026-08-25,Processing,28107000.0,iso,28107000.0
O01360,C0065,2025-06-02,Pending,8794000.0,ambiguous_assumed_dmy,8794000.0
O01361,C0353,2025-11-24,Processing,9910000.0,forced_mdy,9910000.0
O01362,C0223,2026-02-24,Completed,23512000.0,forced_mdy,23512000.0
O01364,C0201,2025-07-16,Pending,10740000.0,iso,10740000.0
O01365,C0431,2025-09-16,Processing,9788000.0,forced_dmy,9788000.0
O01366,C0338,2026-02-12,Completed,17448000.0,ambiguous_assumed_dmy,17448000.0
O01367,C0418,2025-01-12,Cancelled,4826000.0,ambiguous_assumed_dmy,4826000.0
O01368,C0491,2026-08-04,Processing,19165000.0,iso,19165000.0
O01369,C0489,2025-09-14,Pending,34589000.0,forced_dmy,34589000.0
O01370,C0076,2025-02-13,Processing,46863000.0,forced_mdy,46863000.0
O01371,C0254,2025-10-12,Processing,2796000.0,ambiguous_assumed_dmy,2796000.0
O01372,C0395,2025-10-01,Completed,6137000.0,ambiguous_assumed_dmy,6137000.0
O01373,C0410,2026-01-17,Pending,32141000.0,iso,32141000.0
O01374,C0396,2026-05-29,Processing,1370000.0,iso,1370000.0
O01375,C0349,2026-02-06,Cancelled,23877000.0,ambiguous_assumed_dmy,23877000.0
O01376,C0223,2025-10-02,Completed,5404000.0,ambiguous_assumed_dmy,5404000.0
O01377,C0023,2025-10-19,Completed,17584000.0,forced_dmy,0.0
O01378,C0322,2025-03-06,Cancelled,3192000.0,ambiguous_assumed_dmy,3192000.0
O01379,C0473,2025-11-19,Processing,19943000.0,forced_dmy,19943000.0
O01380,C0154,2025-02-09,Completed,4282000.0,ambiguous_assumed_dmy,4282000.0
O01381,C0003,2026-06-28,Pending,18980000.0,iso,18980000.0
O01382,C0123,2026-02-11,Cancelled,25380000.0,iso,25380000.0
O01383,C0411,2025-10-08,Cancelled,33769000.0,iso,33769000.0
O01384,C0394,2026-09-07,Pending,22446000.0,ambiguous_assumed_dmy,22446000.0
O01385,C0110,2026-07-01,Completed,10212000.0,iso,10212000.0
O01386,C0474,2026-02-03,Completed,22491000.0,iso,22491000.0
O01387,C0008,2026-03-16,Completed,28656000.0,forced_mdy,28656000.0
O01388,C0485,2026-05-07,Pending,1986000.0,iso,1986000.0
O01389,C0375,2025-09-22,Completed,16755000.0,forced_mdy,16755000.0
O01390,C0213,2025-06-15,Processing,24611000.0,forced_mdy,24611000.0
O01391,C0186,2025-10-04,Completed,1801000.0,ambiguous_assumed_dmy,1801000.0
O01392,C0040,2025-06-09,Pending,6912000.0,iso,6912000.0
O01393,C0399,2025-10-04,Pending,18308000.0,ambiguous_assumed_dmy,18308000.0
O01394,C0063,2026-05-28,Cancelled,21942000.0,forced_mdy,21942000.0
O01395,C0247,2025-10-12,Completed,43335000.0,iso,43335000.0
O01396,C0091,2026-02-02,Completed,19493000.0,ambiguous_assumed_dmy,19493000.0
O01397,C0467,2025-03-30,Processing,25575000.0,iso,25575000.0
O01398,C0083,2026-06-19,Processing,30297000.0,forced_dmy,30297000.0
O01399,C0180,2025-01-31,Cancelled,9995000.0,forced_dmy,9995000.0
O01400,C0414,2026-06-09,Processing,4646000.0,iso,4646000.0
O01401,C0318,2026-11-05,Pending,4130000.0,ambiguous_assumed_dmy,4130000.0
O01402,C0428,2026-05-22,Cancelled,26974000.0,forced_dmy,26974000.0
O01403,C0329,2026-01-13,Pending,28578000.0,iso,28578000.0
O01404,C0097,2025-01-04,Completed,32375000.0,iso,32375000.0
O01405,C0333,2025-12-13,Pending,1784000.0,forced_dmy,1784000.0
O01406,C0044,2025-05-18,Pending,9520000.0,forced_mdy,9520000.0
O01407,C0243,2026-05-22,Completed,23110000.0,iso,23110000.0
O01408,C0403,2025-11-21,Completed,24814000.0,forced_mdy,37221000.0
O01409,C0151,2025-02-09,Pending,5140000.0,ambiguous_assumed_dmy,5140000.0
O01410,C0494,2025-05-21,Completed,3720000.0,forced_dmy,3720000.0
O01411,C0144,2025-12-15,Pending,3014000.0,forced_mdy,3014000.0
O01412,C0039,2026-05-26,Completed,18033000.0,forced_dmy,18033000.0
O01413,C0014,2025-10-19,Processing,8895000.0,forced_mdy,8895000.0
O01414,C0446,2025-05-21,Pending,18768000.0,forced_dmy,18768000.0
O01415,C0049,2025-09-28,Completed,29108000.0,iso,29108000.0
O01416,C0296,2025-08-06,Pending,14544000.0,iso,14544000.0
O01417,C0142,2025-11-15,Pending,59041000.0,forced_mdy,59041000.0
O01418,C0479,2026-08-15,Completed,30535000.0,forced_mdy,30535000.0
O01419,C0052,2026-02-18,Completed,10472000.0,forced_dmy,10472000.0
O01420,C0337,2025-12-08,Pending,5816000.0,iso,5816000.0
O01421,C0049,2026-08-26,Pending,45614000.0,forced_dmy,45614000.0
O01422,C0241,2026-01-05,Pending,26515000.0,ambiguous_assumed_dmy,26515000.0
O01423,C0303,2026-07-29,Pending,6835000.0,forced_dmy,6835000.0
O01424,C0095,2026-06-08,Pending,33538000.0,ambiguous_assumed_dmy,33538000.0
O01425,C0241,2025-08-12,Processing,10803000.0,iso,10803000.0
O01426,C0491,2026-06-06,Cancelled,1352000.0,iso,1352000.0
O01427,C0296,2025-07-12,Processing,7924000.0,iso,7924000.0
O01428,C0109,2026-02-02,Completed,12875000.0,ambiguous_assumed_dmy,12875000.0
O01429,C0208,2026-08-28,Completed,6253000.0,forced_dmy,6253000.0
O01430,C0316,2025-05-08,Cancelled,5212000.0,ambiguous_assumed_dmy,5212000.0
O01431,C0001,2025-04-28,Processing,12528000.0,forced_mdy,12528000.0
O01432,C0354,2025-12-05,Processing,11495000.0,ambiguous_assumed_dmy,11495000.0
O01433,C0062,2025-09-12,Pending,264000.0,iso,264000.0
O01434,C0382,2025-02-17,Pending,25832000.0,forced_mdy,25832000.0
O01435,C0069,2025-12-08,Pending,3184000.0,ambiguous_assumed_dmy,3184000.0
O01436,C0334,2025-04-08,Pending,30192000.0,ambiguous_assumed_dmy,30192000.0
O01437,C0212,2025-04-20,Processing,16736000.0,forced_dmy,16736000.0
O01438,C0076,2025-05-07,Completed,37667000.0,ambiguous_assumed_dmy,37667000.0
O01439,C0338,2026-06-16,Completed,31172000.0,forced_dmy,31172000.0
O01440,C0440,2025-05-30,Cancelled,22989000.0,forced_dmy,22989000.0
O01441,C0446,2025-09-06,Cancelled,12469000.0,ambiguous_assumed_dmy,12469000.0
O01442,C0026,2025-09-16,Cancelled,3233000.0,forced_dmy,3233000.0
O01443,C0032,2025-03-03,Cancelled,13801000.0,ambiguous_assumed_dmy,13801000.0
O01444,C0105,2026-02-28,Completed,15612000.0,iso,15612000.0
O01445,C0144,2025-07-01,Pending,6492000.0,ambiguous_assumed_dmy,6492000.0
O01446,C0034,2026-08-24,Completed,24981000.0,forced_dmy,24981000.0
O01447,C0231,2025-07-25,Completed,37286000.0,forced_dmy,37286000.0
O01448,C0139,2025-06-14,Processing,24257000.0,forced_dmy,24257000.0
O01449,C0009,2025-08-29,Cancelled,28021000.0,forced_dmy,28021000.0
O01450,C0486,2026-07-19,Processing,29386000.0,iso,29386000.0
O01451,C0370,2026-01-15,Completed,34881000.0,forced_mdy,34881000.0
O01452,C0140,2026-06-13,Cancelled,36096000.0,iso,36096000.0
O01453,C0291,2025-04-20,Completed,14087000.0,forced_dmy,14087000.0
O01454,C0388,2026-07-24,Processing,18235000.0,forced_mdy,27145000.0
O01455,C0271,2025-01-04,Pending,3072000.0,ambiguous_assumed_dmy,3072000.0
O01456,C0395,2026-07-22,Completed,19612000.0,iso,19612000.0
O01457,C0100,2025-11-07,Completed,4442000.0,ambiguous_assumed_dmy,4442000.0
O01458,C0129,2025-06-10,Processing,20778000.0,ambiguous_assumed_dmy,20778000.0
O01459,C0343,2026-09-09,Completed,23419000.0,iso,23419000.0
O01460,C0242,2025-07-20,Completed,14054000.0,iso,14054000.0
O01461,C0183,2026-04-28,Completed,29132000.0,forced_dmy,29132000.0
O01462,C0221,2026-07-30,Pending,36430000.0,iso,36430000.0
O01463,C0459,2025-05-21,Cancelled,24667000.0,iso,24667000.0
O01464,C0240,2026-02-27,Pending,23184000.0,iso,23184000.0
O01465,C0500,2026-07-16,Processing,26483000.0,iso,33913000.0
O01466,C0110,2025-08-12,Pending,7962000.0,iso,7962000.0
O01467,C0006,2026-08-25,Pending,53889000.0,forced_dmy,53889000.0
O01468,C0302,2026-04-06,Pending,4156000.0,ambiguous_assumed_dmy,4156000.0
O01469,C0314,2025-02-05,Completed,19676000.0,ambiguous_assumed_dmy,19676000.0
O01470,C0023,2026-03-05,Completed,6572000.0,ambiguous_assumed_dmy,6572000.0
O01471,C0337,2025-01-07,Processing,5982000.0,ambiguous_assumed_dmy,5982000.0
O01472,C0052,2025-01-04,Processing,47610000.0,ambiguous_assumed_dmy,47610000.0
O01473,C0001,2026-03-14,Completed,21722000.0,forced_dmy,21722000.0
O01474,C0285,2025-06-18,Pending,25663000.0,forced_mdy,25663000.0
O01475,C0011,2025-10-09,Processing,796000.0,iso,796000.0
O01476,C0378,2025-02-16,Processing,16686000.0,iso,16686000.0
O01477,C0102,2025-05-16,Cancelled,2288000.0,iso,2288000.0
O01478,C0116,2025-05-18,Pending,14920000.0,forced_mdy,14920000.0
O01479,C0105,2026-11-01,Completed,15645000.0,ambiguous_assumed_dmy,15645000.0
O01480,C0079,2025-03-06,Cancelled,8364000.0,ambiguous_assumed_dmy,8364000.0
O01481,C0088,2026-01-19,Processing,19492000.0,forced_mdy,19492000.0
O01482,C0056,2025-03-28,Processing,1682000.0,iso,1682000.0
O01483,C0213,2025-04-22,Processing,7172000.0,forced_mdy,7172000.0
O01484,C0137,2026-06-17,Completed,26611000.0,forced_dmy,26611000.0
O01485,C0425,2026-09-01,Processing,22923000.0,ambiguous_assumed_dmy,22923000.0
O01486,C0089,2026-04-01,Completed,415000.0,ambiguous_assumed_dmy,415000.0
O01487,C0475,2025-01-21,Cancelled,13583000.0,forced_dmy,13583000.0
O01488,C0396,2026-03-07,Pending,13121000.0,ambiguous_assumed_dmy,13121000.0
O01489,C0408,2025-10-05,Processing,29110000.0,ambiguous_assumed_dmy,29110000.0
O01491,C0028,2026-06-15,Processing,11255000.0,iso,11255000.0
O01492,C0465,2025-02-21,Pending,9963000.0,iso,9963000.0
O01493,C0283,2025-03-27,Pending,26397000.0,forced_dmy,26397000.0
O01494,C0171,2026-07-17,Processing,19768000.0,iso,19768000.0
O01495,C0252,2025-07-30,Processing,13947000.0,forced_mdy,13947000.0
O01496,C0046,2026-06-15,Cancelled,15181000.0,iso,15181000.0
O01497,C0370,2026-07-14,Completed,21391000.0,forced_dmy,21391000.0
O01498,C0349,2025-10-10,Pending,11119000.0,iso,11119000.0
O01499,C0400,2025-01-28,Pending,34430000.0,forced_mdy,34430000.0
O01500,C0043,2025-11-27,Pending,4008000.0,iso,4008000.0
